:020000040800F2
:10000000209C002471040008CD870008D9820008D4
:10001000C98700082908000865C900080000000019
:10002000000000000000000000000000B103000814
:10003000BD0E0008000000000D040008918D0008AE
:100040008F0400088F0400088F0400088F04000844
:100050008F0400088F0400088F0400088F04000834
:100060008F0400088F0400088F0400088F04000824
:1000700021090008310900088F040008410900081F
:100080008F0400088F0400088F0400087D0F00080B
:10009000351000088D0F0008451000088F04000877
:1000A0008F0400088F0400088F0400088F040008E4
:1000B0008F0400088F0400088F0400088F040008D4
:1000C0008F0400088F0400088F0400088F040008C4
:1000D0008F04000875A000088F0400088F04000832
:1000E0008F0400088F040008000000008F0400083F
:1000F0008F0400088F0400088F0400088F04000894
:100100008F0400088F0400088F0400088F04000883
:100110008F0400086D9400086D8F00088F0400089C
:100120008F0400088F0400088F0400088F04000863
:100130008F0400088F0400088F0400088F04000853
:1001400000000000000000000000000000000000AF
:100150008F0400088F0400088F0400088F04000833
:100160008F0400088F0400088F0400088F04000823
:100170008F040008D18700088F04000800000000E9
:100180008F0400088F0400088F0400088F04000803
:100190008F0400088F0400088F0400088F040008F3
:1001A0008F0400088F0400088F040008000000007E
:1001B0008F0400088F0400088F0400088F040008D3
:1001C0008F0400088F0400080000000000000000F9
:1001D00000000000000000008F0400080000000084
:1001E000000000000000000000000000000000000F
:1001F00000000000000000008F0400088F040008C9
:100200008F0400088F040008000000008F0400081D
:100210008F0400088F0400088F0400088F04000872
:100220008F040008000000008F0400080000000098
:100230008F0400088F040008000000008F040008ED
:100240008F0400088F0400088F0400088F04000842
:100250008F0400088F0400088F0400088F04000832
:100260008F0400088F0400088F0400088F04000822
:100270008F0400088F0400088F04000800000000AD
:100280008F0400088F0400088F0400088F04000802
:10029000000000008F0400088F0400080000000028
:1002A000000000008F0400088F0400088F0400087D
:1002B0008F0400088F0400088F040008E91000086C
:1002C000F91000088F0400088F04000800F002F8FD
:1002D00000F05EF80AA090E8000C82448344AAF182
:1002E0000107DA4501D100F053F8AFF2090EBAE880
:1002F0000F0013F0010F18BFFB1A43F0010318475A
:1003000080F60000A0F600000A444FF0000C10F840
:10031000013B13F0070408BF10F8014B1D1108BF83
:1003200010F8015B641E05D010F8016B641E01F823
:10033000016BF9D113F0080F1EBF10F8014BAD1C73
:100340000C1B09D16D1E58BF01F801CBFAD505E091
:1003500014F8016B01F8016B6D1EF9D59142D6D3EB
:10036000704700000023002400250026103A28BF13
:1003700078C1FBD8520728BF30C148BF0B60704717
:100380001FB50FF039FA00F0D9F91FBD10B510BD37
:1003900000F0EBF91146FFF7F3FF0CF031FF00F02E
:1003A00009FA03B4FFF7F2FF03BC00F00DFA0000F6
:1003B0002C4B19680868B0E8F04F80F30988BFF348
:1003C0006F8F4FF0000080F311887047000000002D
:1003D00008480068006880F308884FF0000080F348
:1003E000148862B661B6BFF34F8FBFF36F8F00DF23
:1003F00000BF00BF08ED00E0DFF80C00016841F429
:1004000070010160704700BF88ED00E0EFF30980E4
:10041000BFF36F8F134B1A681EF0100F08BF20ED4B
:10042000108A20E9F04F106009B44FF0500080F3BB
:100430001188BFF34F8FBFF36F8F0EF0CFFA4FF0DD
:10044000000080F3118809BC19680868B0E8F04F13
:100450001EF0100F08BFB0EC108A80F30988BFF3BC
:100460006F8F704728000024EFF30580704700006D
:100470000A4880470A4880470A480047FEE7FEE7E7
:10048000FEE7FEE7FEE7FEE7FEE7FEE7FEE7FEE744
:1004900005480649064A074B70470000C50E00088C
:1004A000618E0008CD02000820960024209C0024C4
:1004B000209800242098002453EA020C00F0698060
:1004C0002DE9F04B4FF00006002B1FBFB3FA83F568
:1004D00003FA05F424FA05F65E4012BF1643B2FA99
:1004E00082F502FA05F4C5F120051EBF22FA05FCCB
:1004F00044EA0C04203556EA044C4FEA144418BF71
:10050000641C4FF000084FF00009904271EB030C9F
:1005100039D3002919BFB1FA81F701FA07F6B0FA09
:1005200080F700FA07F6C7F120071EBF20FA07FC84
:1005300046EA0C062037B6FBF4FCA7EB0507103F94
:1005400007F01F0BCBF120060CFA0BFB2CFA06F67A
:1005500044BFB3460026202FA4BF5E464FF0000BD9
:100560005BEA060C08BF4FF0010B19EB0B09ABFB64
:10057000027C48EB0608C01B06FB02CC0BFB03CC3D
:1005800071EB0C01C1E70B46024641464846BDE807
:10059000F08B13B54FF000004FF00001AFF3008077
:1005A000BDE81C407047032A40F2308010F0030C75
:1005B00000F0158011F8013BBCF1020F624498BFB6
:1005C00011F801CB00F8013B38BF11F8013BA2F153
:1005D000040298BF00F801CB38BF00F8013B11F0CE
:1005E000030300F02580083AC0F0088051F8043B6E
:1005F000083A51F804CBA0E80810F5E7121D5CBFDB
:1006000051F8043B40F8043BAFF30080D20724BF0D
:1006100011F8013B11F801CB48BF11F8012B24BFA1
:1006200000F8013B00F801CB48BF00F8012B7047F0
:1006300010B5203AC0F00B80B1E81850203AA0E87D
:100640001850B1E81850A0E81850BFF4F5AF5FEAB1
:10065000027C24BFB1E81850A0E8185044BF18C964
:1006600018C0BDE810405FEA827C24BF51F8043B0B
:1006700040F8043B08BF7047D20728BF31F8023B5F
:1006800048BF11F8012B28BF20F8023B48BF00F8F3
:10069000012B704702F0FF0343EA032242EA0242C1
:1006A00000F002B84FF000020429C0F0128010F0F0
:1006B000030C00F01B80CCF1040CBCF1020F18BF3E
:1006C00000F8012BA8BF20F8022BA1EB0C0100F0D1
:1006D0000DB85FEAC17C24BF00F8012B00F8012BA4
:1006E00048BF00F8012B70474FF0000200B51346D9
:1006F00094469646203922BFA0E80C50A0E80C5042
:10070000B1F12001BFF4F7AF090728BFA0E80C50F2
:1007100048BF0CC05DF804EB890028BF40F8042BEB
:1007200008BF704748BF20F8022B11F0804F18BF58
:1007300000F8012B704770477047704770B5064C42
:100740007C44064D7D4403E0206820448047241DFE
:10075000AC42F9D170BD00005CF200005CF2000018
:1007600000487047C095002470477546FFF7F8FFB2
:10077000AE4605006946534620F00700854618B08E
:1007800020B5FFF785FEBDE820404FF000064FF092
:1007900000074FF000084FF0000B21F00701AC46B6
:1007A000ACE8C009ACE8C009ACE8C009ACE8C009D5
:1007B0008D46704710B50446AFF300802046BDE873
:1007C0001040FFF7EEBD000001491820ABBEFEE768
:1007D0002600020010B50CF0EDFA0CF0CFFAC8209C
:1007E00000F002F810BD000010B5044604210D48C9
:1007F00006F0A8FF00BF41F677600A490968C862A1
:1008000001460848C16000BF4FF4DF600549096830
:100810008863204602F03AFC0421024807F050F8B1
:1008200010BD0000001F002400BFFEE70346042B9C
:1008300015D007DC7BB1012B0ED0022B0DD0032B82
:1008400012D10BE0202B0BD0212B0AD0222B09D068
:10085000232B09D107E008E007E006E005E004E00B
:1008600003E002E001E000E000BF00BF00207047AD
:100870000020704710B500220449054809F09DFE8C
:100880000449034809F08AFE002010BD7C8600243C
:10089000A07900247C7E002470B505460C464021DA
:1008A0000B48FFF7FFFE294609482268FFF77BFE49
:1008B00020880849088040212846FFF7F3FE294692
:1008C000054809F06BFE044809F034FE002070BDB5
:1008D0007C8E002408010024A079002410B5034672
:1008E0000C460021084610BD2DE9F04104460D4696
:1008F00000260A48D0F8BC72D7F8140210B10120C3
:10090000BDE8F0812A462146044809F056FE034816
:1009100009F006FF06463046F2E70000A079002401
:1009200010B5024801F0BCF910BD0000EC20002415
:1009300010B5024801F0B4F910BD00006421002494
:1009400010B5024801F0ACF910BD0000742000247D
:100950000146374A0868904249D0354A183208683B
:10096000904244D0324A3032086890423FD0304AF8
:100970004832086890423AD02D4A60320868904266
:1009800035D02B4A78320868904230D0284A9032CD
:10099000086890422BD0264AA8320868904226D098
:1009A000244A0868904222D0224A183208689042AD
:1009B0001DD0204A30320868904218D01D4A483273
:1009C0000868904213D01B4A6032086890420ED0EB
:1009D000184A78320868904209D0164A903208685E
:1009E000904204D0134AA8320868904201D10120F5
:1009F00000E00020B0B10A78103A1823B2FBF3F0FF
:100A000000F007020C4B9A5CCA65032805D90A68F6
:100A10006FF30902121D8A6503E00A686FF3090289
:100A20008A6503E0086820F0FF008865886D7047DC
:100A3000100002401004024094F8000810B502684B
:100A40002B4C0368A34222D0294C14340368A342E0
:100A50001DD0274C28340368A34218D0244C3C34C2
:100A60000368A34213D0224C50340368A3420ED033
:100A70001F4C64340368A34209D01D4C78340368CA
:100A8000A34204D01A4C8C340368A34201D1012341
:100A900000E000238BB10378083B1424B3FBF4F18E
:100AA000144B03EB81030366124B8033436601F062
:100AB0001F040123A340836618E00378103B182429
:100AC000B3FBF4F10C4B9A4204D80B4BA83B9A426F
:100AD00000D30831094B03EB81030366074B8033D6
:100AE000436601F01F040123A340836610BD00008C
:100AF0000854025800580258B80402400008024046
:100B00000179A9B3082940D8204B02689A4222D023
:100B10001E4B143302689A421DD01C4B28330268C6
:100B20009A4218D0194B3C3302689A4213D0174BA3
:100B3000503302689A420ED0144B643302689A42D2
:100B400009D0124B783302689A4204D00F4B8C3391
:100B500002689A4201D1012200E000224AB14A1EF5
:100B60000B4B03EB8202C266094A4032026708E07F
:100B70000BE04A1E074B03EB8202C266054A403275
:100B800002674A1E01239340436770470854025886
:100B90000059025800090240014600208A69D2B972
:100BA0008A6A32B1012A0DD0022A03D0032A10D159
:100BB0000EE000BFCA6A02F08072B2F1807F00D1FD
:100BC000012007E0CA6AB2F1C07F00D1012001E034
:100BD00000E000BF36E08A69B2F5005F1BD18A6A87
:100BE00032B1012A07D0022A03D0032A11D10AE028
:100BF00000BF01200EE0CA6A02F08072B2F1807F6D
:100C000000D1012006E0CA6AB2F1C07F00D1012004
:100C100000E000BF16E08A6A32B1012A05D0022A3C
:100C200004D0032A0CD103E000BF00BF012008E07C
:100C3000CA6A02F08072B2F1807F00D1012000E028
:100C400000BF00BF70470000F0B5856D846D984F00
:100C50000668BE4270D0964F18370668BE426BD009
:100C6000934F30370668BE4266D0914F48370668CA
:100C7000BE4261D08E4F60370668BE425CD08C4F5A
:100C800078370668BE4257D0894F90370668BE4213
:100C900052D0874FA8370668BE424DD0854F0668B0
:100CA000BE4249D0834F18370668BE4244D0814FB8
:100CB00030370668BE423FD07E4F48370668BE4296
:100CC0003AD07C4F60370668BE4235D0794F7837CE
:100CD0000668BE4230D0774F90370668BE422BD0B0
:100CE000744FA8370668BE4226D0734F0668BE42CE
:100CF00022D0714F14370668BE421DD06E4F283780
:100D00000668BE4218D06C4F3C370668BE4213D00E
:100D1000694F50370668BE420ED0674F6437066889
:100D2000BE4209D0644F78370668BE4204D0624F95
:100D30008C370668BE4201D1012600E000263EB194
:100D4000D0E919767E60C66E16B1D0E91C767E6059
:100D5000574F0668BE4249D0554F18370668BE4205
:100D600044D0534F30370668BE423FD0504F4837CB
:100D70000668BE423AD04E4F60370668BE4235D054
:100D80004B4F78370668BE4230D0494F90370668DF
:100D9000BE422BD0464FA8370668BE4226D0454FEC
:100DA0000668BE4222D0434F18370668BE421DD0A7
:100DB000404F30370668BE4218D03E4F483706686D
:100DC000BE4213D03B4F60370668BE420ED0394F4B
:100DD00078370668BE4209D0364F90370668BE4263
:100DE00004D0344FA8370668BE4201D1012600E086
:100DF0000026DEB190F85C6006F01F073F26BE407B
:100E0000AE600668366826F4802607683E6006688D
:100E100073608668402E04D10668B2600668F1608F
:100E200044E00668B1600668F2603FE0224F066861
:100E3000BE4222D0204F14370668BE421DD01E4F3E
:100E400028370668BE4218D01B4F3C370668BE42A2
:100E500013D0194F50370668BE420ED0164F643774
:100E60000668BE4209D0144F78370668BE4204D0E7
:100E7000114F8C370668BE4201D1012600E00026E2
:100E8000A6B190F85C6006F01F070126BE406660C0
:100E9000066873608668402E04D10668B2600668F2
:100EA000F16003E00668B1600668F260F0BD000022
:100EB000100002401004024008540258704772B6F5
:100EC00000BFFEE70748006840F0020005490860DF
:100ED00000BF04480838006800F400500028F8D02B
:100EE000704700000C48025800B589B000200190FE
:100EF00002900220039001200490002005900690AB
:100F000001A91D4802F073F908B1FFF7D8FF4FF0AF
:100F10008040019003200290022003900490002062
:100F20000590069001A9144802F061F908B1FFF795
:100F3000C6FF002003460222114600900E4802F030
:100F4000AAF908B1FFF7BBFF002201210A4802F00D
:100F5000B1F808B1FFF7B3FF00221021064802F0F4
:100F6000A9F808B1FFF7ABFF034802F069FF08B129
:100F7000FFF7A5FF09B000BD201D002410B50248F1
:100F800002F0A8FA10BD0000201D002410B5024890
:100F900002F0A0FA10BD0000201D002400B589B0A9
:100FA0000020019001200290022003900120049073
:100FB00000200590069001A91D4802F018F908B11B
:100FC000FFF77DFF4FF08040019004200290022047
:100FD0000390049000200590069001A9144802F0A7
:100FE00006F908B1FFF76BFF002003460222114605
:100FF00000900F4802F04FF908B1FFF760FF0022A0
:1010000001210B4802F056F808B1FFF758FF002203
:101010001021074802F04EF808B1FFF750FF0448CE
:1010200002F00EFF08B1FFF74AFF09B000BD000053
:10103000C01D002410B5024802F04CFA10BD00009B
:10104000C01D002410B5024802F044FA10BD000093
:10105000C01D002400B589B000200190022002903C
:1010600003900120049000200590069001A91D48DE
:1010700002F0BDF808B1FFF722FF4FF08040019069
:101080000520029002200390049000200590069015
:1010900001A9144802F0ABF808B1FFF710FF0020D7
:1010A00003460222114600900E4802F0F4F808B1FF
:1010B000FFF705FF002201210A4801F0FBFF08B1FC
:1010C000FFF7FDFE00221021064801F0F3FF08B1F2
:1010D000FFF7F5FE034802F0B3FE08B1FFF7EFFE9D
:1010E00009B000BD601E002410B5024802F0F2F9FC
:1010F00010BD0000601E002410B5024802F0EAF99D
:1011000010BD0000601E002410B501464A6B08683F
:10111000D0F884004FF6FC74A04340EA82000C68CB
:10112000C4F884000868D0F8840020F47F04088F95
:1011300044EA00400C68C4F88400886B02440868E4
:10114000D0F888004FF6FC74A04340EA82000C6897
:10115000C4F888000868D0F8880020F4FE04888F5E
:1011600044EA00400C68C4F88800C86B02EB4002F7
:101170000868D0F8A0004FF6FC74A04340EA820053
:101180000C68C4F8A0000868D0F8A00020F4FE04A1
:101190004020405A44EA00400C68C4F8A000D1E95D
:1011A000104004FB00220868D0F8B0004FF6FC7431
:1011B000A04340EA82000C68C4F8B0000868D0F888
:1011C000B00020F4FE04B1F8480044EA00400C6886
:1011D000C4F8B000D1E9124004FB00220868D0F83E
:1011E000AC004FF6FC74A04340EA82000C68C4F8DF
:1011F000AC00D1E9144004FB00220868D0F8F000EC
:101200004FF6FC74A04340EA82000C68C4F8F0007A
:101210000868D0F8F00020F47C14B1F8580044EAD3
:1012200000400C68C4F8F000886D02EB40020868CA
:10123000D0F8C0004FF6FC74A04340EA82000C686E
:10124000C4F8C0000868D0F8C00020F47C14B1F8DD
:101250005C0044EA00400C68C4F8C0000868D0F89C
:10126000C00020F07C5491F8600044EA00600C68F3
:10127000C4F8C0002A4C486B04EB8000C866CC6EF2
:10128000886B04EB80040C670C6FC86B04EBC00424
:101290004C67D1E9100460434C6F04EB80048C6709
:1012A000D1E9120460438C6F04EB8004CC67D1E970
:1012B00014046043CC6F04EB8004802044504458F5
:1012C000886D04EBC004842044508C6EC86D60436C
:1012D0008424645804EB8004882044508C6E086E8B
:1012E00060438824645804EB8004902044504058A4
:1012F0000C4CA04209D99831486840F02000486061
:10130000032001F89809012010BDCB6E02E00020F7
:1013100018601B1D902040589842F8D80020F3E731
:1013200000AC0040FCD300402DE9F04105461446D6
:101330001E46D1F804C0BCF1000F0AD1D1F810C08C
:10134000D1F808804CEA080CB1F800804CEA8843D8
:101350000BE0D1F810C04CF0804CD1F808804CEA7A
:10136000080CD1F800804CEA080391F82080D1F8ED
:101370001CC04CEA086CD1F818804CEA080CD1F873
:1013800014804CEA080CB1F80C804CEA0847D5F8F8
:1013900068C00CFB06FCD5F8848008EB8C02136057
:1013A000121D1760121D002019E000F1030C14F843
:1013B0000CC04FEA0C6800F1020C14F80CC048EAAB
:1013C0000C4800F1010C14F80CC048EA0C2C14F87D
:1013D00000804CEA080CC2F800C0121D001DDFF8A6
:1013E0001480D1F80CC018F80CC08445DDD8BDE8D5
:1013F000F08100009CF8000870B50A480468001DE0
:101400000568001D0668344454B108220649204688
:1014100006F064FF042204491031284606F05EFFFE
:1014200070BD000000E8F11FEE0000242DE9F0413E
:10143000044602F021FE804614B90120BDE8F08187
:1014400094F83500022808D08020606500BF002095
:1014500084F8340000BF0120F0E7FE49206888428C
:1014600049D0FC4918312068884244D0F9493031CC
:10147000206888423FD0F7494831206888423AD0F6
:10148000F44960312068884235D0F24978312068CB
:10149000884230D0EF499031206888422BD0ED4906
:1014A000A8312068884226D0EB492068884222D0A3
:1014B000E9491831206888421DD0E7493031206859
:1014C000884218D0E44948312068884213D0E24964
:1014D0006031206888420ED0DF4978312068884228
:1014E00009D0DD4990312068884204D0DA49A8311A
:1014F0002068884201D1012000E0002068B1206806
:10150000006820F01E00216808602068406920F013
:10151000800021684861256806E02068006820F0A6
:101520000E00216808602568CA492068884270D08A
:10153000C8491831206888426BD0C64930312068CC
:10154000884266D0C34948312068884261D0C14989
:101550006031206888425CD0BE497831206888427A
:1015600057D0BC4990312068884252D0B949A8313F
:10157000206888424DD0B8492068884249D0B64991
:1015800018312068884244D0B349303120688842FD
:101590003FD0B1494831206888423AD0AE496031E5
:1015A0002068884235D0AC4978312068884230D0F4
:1015B000A9499031206888422BD0A749A8312068DA
:1015C000884226D0A5492068884222D0A3491431F8
:1015D000206888421DD0A14928312068884218D04F
:1015E0009E493C312068884213D09C495031206884
:1015F00088420ED0994964312068884209D09749C1
:1016000078312068884204D094498C31206888421F
:1016100001D1012000E0002028B1206E006820F4F4
:101620008070216E08608B492068884249D08949C2
:1016300018312068884244D0864930312068884279
:101640003FD084494831206888423AD0814960318E
:101650002068884235D07F4978312068884230D070
:101660007C499031206888422BD07A49A831206883
:10167000884226D078492068884222D0764918319D
:10168000206888421DD0744930312068884218D0C3
:10169000714948312068884213D06F496031206811
:1016A00088420ED06C4978312068884209D06A4956
:1016B00090312068884204D06749A8312068884268
:1016C00006D12068006820F001002168086005E06C
:1016D0002068006820F001002168086011E002F035
:1016E000CBFCA0EB080005280BD920206065032067
:1016F00084F8350000BF002084F8340000BF0120CA
:101700009CE6286800F001000028E8D151492068D3
:10171000884249D04F4918312068884244D04D4909
:101720003031206888423FD04A4948312068884299
:101730003AD0484960312068884235D045497831EF
:101740002068884230D043499031206888422BD0AD
:101750004049A8312068884226D03F492068884205
:1017600022D03D491831206888421DD03A49303195
:101770002068884218D0384948312068884213D000
:1017800035496031206888420ED03349783120686D
:10179000884209D0304990312068884204D02E49CF
:1017A000A8312068884201D1012000E0002040B12A
:1017B000A66D94F85C0000F01F013F208840B060E7
:1017C00007E0A76D94F85C0000F01F01012088403D
:1017D000786020492068884276D01E4918312068F8
:1017E000884271D01B493031206888426CD0194939
:1017F00048312068884267D01649603120688842A5
:1018000062D014497831206888425DD01149903106
:101810002068884258D00F49A8312068884253D0A8
:101820000D49206888424FD00B4918312068884202
:101830004AD0094930312068884245D006494831AC
:101840002068884240D004496031206888423BD0FB
:10185000014905E0100002401004024008540258FB
:101860007831206888422FD02549206888422BD0C3
:10187000234918312068884226D0224920688842AE
:1018800022D020491431206888421DD01D492831BA
:101890002068884218D01B493C312068884213D008
:1018A00018495031206888420ED0164964312068AA
:1018B000884209D0134978312068884204D0114900
:1018C0008C312068884201D1012000E0002068B1FD
:1018D000D4E919104860E06E40B1E06E006820F471
:1018E0008070E16E0860D4E91C104860012084F823
:1018F000350000BF002084F8340000BF00BF9DE524
:10190000A00402400854025870B504460CB90120E6
:1019100070BD94F83500022803D080206065012056
:10192000F6E7DC492068884249D0DA491831206856
:10193000884244D0D7493031206888423FD0D549C9
:101940004831206888423AD0D249603120688842C4
:1019500035D0D04978312068884230D0CD49903197
:10196000206888422BD0CB49A8312068884226D0F5
:10197000C9492068884222D0C74918312068884266
:101980001DD0C54930312068884218D0C24948313D
:101990002068884213D0C0496031206888420ED048
:1019A000BD4978312068884209D0BB499031206810
:1019B000884204D0B849A8312068884201D101206A
:1019C00000E00020F0B3042084F83500B14920681D
:1019D00088424BD0AF4918312068884246D0AD4983
:1019E00030312068884241D0AA4948312068884275
:1019F0003CD0A84960312068884237D0A549783169
:101A00002068884232D0A3499031206888422DD086
:101A1000A049A8312068884228D09F492068884280
:101A200024D09D491831206888421FD09A4930310E
:101A3000206888421AD0984948312068884215D0D9
:101A4000954900E020E06031206888420ED092493C
:101A500078312068884209D08F49903120688842C7
:101A600004D08D49A8312068884206D120680068DA
:101A700020F001002168086009E12068006820F07A
:101A800001002168086002E12068006820F00E0073
:101A9000216808607F492068884249D07D49183113
:101AA0002068884244D07B493031206888423FD04A
:101AB00078494831206888423AD0764960312068B8
:101AC000884235D0734978312068884230D07149D6
:101AD0009031206888422BD06E49A8312068884216
:101AE00026D06D492068884222D06B491831206881
:101AF00088421DD0684930312068884218D0664934
:101B000048312068884213D0634960312068884298
:101B10000ED0614978312068884209D05E49903101
:101B20002068884204D05C49A8312068884206D1E8
:101B30002068006820F001002168086005E0206846
:101B4000006820F00100216808605249206888423E
:101B500070D050491831206888426BD04D493031DF
:101B60002068884266D04B4948312068884261D05D
:101B700048496031206888425CD046497831206805
:101B8000884257D0434990312068884252D0414919
:101B9000A831206888424DD03F492068884249D00A
:101BA0003D4918312068884244D03B493031206893
:101BB00088423FD038494831206888423AD0364977
:101BC00060312068884235D03349783120688842B6
:101BD00030D031499031206888422BD02E49A8312D
:101BE0002068884226D02D492068884222D02B497F
:101BF0001431206888421DD0284928312068884245
:101C000018D026493C312068884213D023495031EE
:101C1000206888420ED0214964312068884209D06A
:101C20001E4978312068884204D01C498C312068D4
:101C3000884201D1012000E00020D8B1206E006868
:101C400020F48070216E0860A56D94F85C0000F0AF
:101C50001F01012088406860D4E919104860E06ED7
:101C600040B1E06E006820F48070E16E0860D4E955
:101C70001C104860012084F8350000BF002084F863
:101C8000340000BF206D10B12046216D8847002030
:101C90003EE60000100002401004024008540258C2
:101CA0002DE9F84F044600200090FE4800684FF4EC
:101CB0001651B0FBF1FAA66DD4F858803768D8F801
:101CC0000090F9492068884249D0F74918312068C6
:101CD000884244D0F4493031206888423FD0F249EC
:101CE0004831206888423AD0EF4960312068884204
:101CF00035D0ED4978312068884230D0EA499031BA
:101D0000206888422BD0E849A8312068884226D034
:101D1000E6492068884222D0E44918312068884288
:101D20001DD0E24930312068884218D0DF4948315F
:101D30002068884213D0DD496031206888420ED087
:101D4000DA4978312068884209D0D8499031206832
:101D5000884204D0D549A8312068884201D10120A9
:101D600000E0002000287DD094F85C0000F01F0106
:101D7000082088403840002868D0CB492068884235
:101D800049D0C94918312068884244D0C649303109
:101D9000206888423FD0C4494831206888423AD000
:101DA000C14960312068884235D0BF497831206808
:101DB000884230D0BC499031206888422BD0BA4943
:101DC000A8312068884226D0B8492068884222D0AD
:101DD000B6491831206888421DD0B4493031206896
:101DE000884218D0B14948312068884213D0AF49A1
:101DF0006031206888420ED0AC4978312068884232
:101E000009D0AA4990312068884204D0A749A83156
:101E10002068884204D12068006800F0040003E0D4
:101E20002068006800F0080080B12068006820F099
:101E300004002168086094F85C0000F01F0108208D
:101E40008840B060606D40F00100606594F85C000F
:101E500000F01F01012088403840E8B39249206813
:101E6000884200E0B7E24BD08F49183120688842A1
:101E700046D08D4930312068884241D08A49483166
:101E8000206888423CD0884960312068884237D039
:101E9000854978312068884232D083499031206862
:101EA00088422DD08049A8312068884228D07F49B7
:101EB0002068884224D07D491831206888421FD08C
:101EC0007A493031206888421AD0784948312068F0
:101ED000884215D0754900E026E0603120688842CC
:101EE0000ED0724978312068884209D06F4990310C
:101EF0002068884204D06D49A8312068884204D106
:101F00002068406900F0800002E02068006800203E
:101F100050B194F85C0000F01F0101208840B060CF
:101F2000606D40F00200606594F85C0000F01F01F5
:101F3000042088403840E8B35B49206888424BD091
:101F4000594918312068884246D0574930312068B5
:101F5000884241D054494831206888423CD0524997
:101F600060312068884237D04F49783120688842F4
:101F700032D04D499031206888422DD04A49A8314D
:101F80002068884228D049492068884224D047499F
:101F90001831206888421FD0444930312068884277
:101FA0001AD0424948312068884215D03F496031F3
:101FB000206800E024E088420ED03C497831206857
:101FC000884209D0394990312068884204D0374985
:101FD000A8312068884204D12068006800F002001F
:101FE00002E020680068002050B194F85C0000F026
:101FF0001F0104208840B060606D40F004006065FF
:1020000094F85C0000F01F01102088403840E8B3CD
:1020100025492068884251D02349183120688842D8
:102020004CD0214930312068884247D01E49483180
:102030002068884242D01C496031206888423DD0E7
:10204000194978312068884238D017499031206882
:10205000884233D01449A831206888422ED01349D1
:10206000206888422AD0114918312068884225D03A
:102070000E4930312068884220D00C494831206810
:1020800088421BD009496031206800E04DE0884259
:1020900014D006497831206888420FD00349903126
:1020A000206805E0200000241000024010040240D7
:1020B000884203D0FE492068884204D12068006825
:1020C00000F0080003E02068006800F0040060B33E
:1020D00094F85C0000F01F0110208840B060206878
:1020E000006800F4802080B12068006800F40020BF
:1020F00028B9206CC8B12046216C884715E0A06C37
:1021000098B12046A16C88470FE02068006800F471
:10211000807028B92068006820F0080021680860F5
:10212000206C10B12046216C884794F85C0000F0C8
:102130001F0120208840384000287DD0DD492068DC
:10214000884249D0DB4918312068884244D0D949B7
:102150003031206888423FD0D649483120688842D3
:102160003AD0D44960312068884235D0D14978319D
:102170002068884230D0CF499031206888422BD0E7
:10218000CC49A8312068884226D0C949A83920689E
:10219000884221D0C6499039206888421CD0C44961
:1021A00078392068884217D0C14960392068884250
:1021B00012D0BF494839206888420DD0BC49303917
:1021C0002068884208D0BA4918392068884203D06C
:1021D000B7492068884204D12068006800F01000E8
:1021E00003E02068006800F0020028B394F85C0067
:1021F00000F01F0120208840B06094F835000428CA
:102200002DD12068006820F0160021680860206841
:10221000406920F0800021684861206C08B9A06CFA
:1022200028B12068006820F008002168086094F850
:102230005C0000F01F0100E03FE03F208840B060FC
:10224000012084F8350000BF002084F8340000BF6E
:10225000206D10B12046216D8847BDE8F88F2068B9
:10226000006800F4802080B12068006800F400203D
:1022700028B9606C08B32046616C88471DE0E06BAC
:10228000D8B12046E16B884717E02068006800F469
:10229000807068B92068006820F01000216808602C
:1022A000012084F8350000BF002084F8340000BF0E
:1022B000E06B10B12046E16B8847606D00287AD052
:1022C000606D00F00100E8B3042084F8350079491E
:1022D000206888424BD0774918312068884246D020
:1022E000744930312068884241D0724948312068B1
:1022F00088423CD06F4960312068884237D06D49B0
:1023000078312068884232D06A499031206888420A
:102310002DD06849A8312068884228D06449A8395E
:102320002068884223D062499039206888421ED0B4
:102330005F4978392068884219D05D496039206842
:10234000884200E040E012D059494839206888426C
:102350000DD0574930392068884208D0544918397F
:102360002068884203D052492068884206D12068FC
:10237000006820F001002168086005E0206800681E
:1023800020F001002168086000BF0098401C009008
:10239000504500D905E02068006800F001000028E1
:1023A000F3D100BF2068006800F0010020B10320D5
:1023B00084F8350003E00DE0012084F8350000BF0B
:1023C000002084F8340000BFE06C002802D02046D2
:1023D000E16C8847D9E138492068884222D03649E3
:1023E0001431206888421DD0334928312068884242
:1023F00018D031493C312068884213D02E495031E1
:10240000206888420ED02C4964312068884209D067
:10241000294978312068884204D027498C312068C6
:10242000884201D1012000E000200028D2D020689D
:10243000056894F85C0000F01F010420884000EA61
:102440000900D8B305F00400C0B394F85C0000F0B4
:102450001F0104208840C8F8040005F4004080B142
:1024600005F4803030B9A06C0028B3D02046A16CB0
:1024700088478AE1206C0028ACD02046216C884730
:1024800083E105F02000E8BB0A492068884253D068
:1024900008491831206888424ED0064930312068FA
:1024A000884249D0034948312068884244D006E038
:1024B000B804024010000240085402584FE0B449EA
:1024C00060312068884237D0B1497831206888422D
:1024D00032D0AF499031206888422DD0AC49A83124
:1024E0002068884228D0AB492068884224D0A94976
:1024F0001831206888421FD0A649303120688842B0
:102500001AD000E025E0A34948312068884213D062
:10251000A0496031206888420ED09E4978312068F9
:10252000884209D09B4990312068884204D099495B
:10253000A8312068884206D12068006820F0080091
:102540002168086005E02068006820F00400216828
:102550000860206C10B32046216C884715E194F880
:102560005C0000F01F010220884000EA0900E8B387
:1025700005F00200D0B394F85C0000F01F010220C7
:102580008840C8F8040005F4004070B105F48030BC
:1025900028B9606C10B12046616C8847F5E0E06BAB
:1025A000F0B32046E16B8847EFE005F02000C0BBA8
:1025B0007749206888424ED0754918312068884292
:1025C00049D0734930312068884244D0704948313D
:1025D000206888423FD06E496031206888423AD0F6
:1025E0006B4978312068884235D000E04EE0684978
:1025F0009031206888422ED06549A83120688842F1
:1026000029D064492068884225D062491831206861
:10261000884220D05F493031206888421BD001E0D9
:102620006EE02DE05B4948312068884213D059495B
:102630006031206888420ED056497831206888423F
:1026400009D0544990312068884204D05149A831BA
:102650002068884206D12068006820F014002168B4
:10266000086005E02068006820F00A002168086022
:10267000012084F8350000BF002084F8340000BF3A
:10268000E06BE8B32046E16B88477EE094F85C009D
:1026900000F01F010820884000EA090080B305F01F
:1026A000080068B33A49206888424BD0384918314D
:1026B0002068884246D0364930312068884241D06F
:1026C00033494831206888423CD031496031206824
:1026D000884237D02E4978312068884232D02C4940
:1026E0009031206888422DD02949A831206888423D
:1026F00028D028492068884224D02649183100E093
:1027000043E0206888421DD0224930312068884249
:1027100018D0204948312068884213D01D496031C3
:10272000206888420ED01B4978312068884209D041
:10273000184990312068884204D01649A831206891
:10274000884206D12068006820F01C0021680860DB
:1027500005E02068006820F00E002168086094F809
:102760005C0000F01F0101208840C8F8040001202F
:10277000606584F8350000BF002084F8340000BF95
:10278000E06C10B12046E16C884700BF65E50000B1
:1027900010000240100402402DE9F041044601F00F
:1027A0006BFC804614B90120BDE8F081FE49206829
:1027B000884249D0FC4918312068884244D0FA49FF
:1027C0003031206888423FD0F7494831206888423C
:1027D0003AD0F54960312068884235D0F2497831E5
:1027E0002068884230D0F0499031206888422BD050
:1027F000ED49A8312068884226D0EC4920688842FB
:1028000022D0EA491831206888421DD0E74930318A
:102810002068884218D0E54948312068884213D0A2
:10282000E2496031206888420ED0E0497831206862
:10283000884209D0DD4990312068884204D0DB49C4
:10284000A8312068884201D1012000E00020002842
:1028500073D0606A00B100BF022084F8350000BF69
:10286000002084F8340000BFCF492068884249D056
:10287000CD4918312068884244D0CB493031206896
:1028800088423FD0C8494831206888423AD0C6497A
:1028900060312068884235D0C34978312068884249
:1028A00030D0C1499031206888422BD0BE49A83130
:1028B0002068884226D0BD492068884222D0BB4982
:1028C0001831206888421DD0B849303120688842CC
:1028D00018D0B64948312068884213D0B3496031D6
:1028E000206888420ED0B14978312068884209D0EA
:1028F000AE4990312068884204D0AC49A8312068A4
:10290000884206D12068006820F001002168086034
:1029100005E02068006820F00100216808600DE0F3
:1029200001F0AAFBA0EB0800052807D9202060656C
:10293000032084F83500012036E769E0206800684C
:1029400000F001000028EBD1206805689848054098
:10295000D4E9020108432169084361690843A16978
:102960000843E1690843216A08430543606A042873
:1029700003D1D4E90B01084305436068292802D339
:1029800060682E2817D960683F2802D36068422803
:1029900011D96068472802D3606848280BD960685D
:1029A0004F2802D36068522805D96068742804D380
:1029B0006068772801D8012000E0002008B145F4C4
:1029C0008015206805602068456925F00705606A64
:1029D0000543606A04280DD1A06A0543E06A48B146
:1029E0002046FEF7D9F828B140206065012084F820
:1029F0003500D9E6206845612046FDF7A9FF064667
:102A000094F85C0000F01F013F208840B0609EE019
:102A100068492068884222D066491431206888427B
:102A20001DD0644928312068884218D061493C3162
:102A30002068884213D05F495031206888420ED008
:102A40005C4964312068884209D05A49783120684D
:102A5000884204D057498C312068884201D1012036
:102A600000E00020E0B353492068884222D0514959
:102A70001431206888421DD04E4928312068884290
:102A800018D04C493C312068884213D04949503114
:102A9000206888420ED0474964312068884209D0B6
:102AA000444978312068884204D042498C312068FA
:102AB000884201D1012000E0002000B100BF0220C7
:102AC00084F8350000BF002084F8340000BF20687F
:102AD000056839480540A068402802D1102106E069
:102AE0002EE0A068802801D1C10100E00021E0684B
:102AF00041EAD001206941EAD001606941EAD00190
:102B0000A06941EAD001E06941EAD001206A41EAC6
:102B1000101005432068056026492068401A1421DA
:102B2000B0FBF1F08000E0652046FDF711FF07469D
:102B300094F85C0000F01F0101208840786006E0F6
:102B400040206065032084F8350001202CE61649FA
:102B5000206888427AD0144918312068884275D09C
:102B6000114930312068884270D00F4948312068BF
:102B700088426BD00C4960312068884266D00A498F
:102B800078312068884261D00749903120688842B6
:102B90005CD00549A8312068884257D00349206895
:102BA000884253D0014909E010000240100402405D
:102BB0003F8010FE085402580F00FEFF18312068B5
:102BC000884243D03749206888423FD03549183180
:102BD000206888423AD0334930312068884235D065
:102BE000304948312068884230D02E496031206811
:102BF00088422BD02B4978312068884226D02A4938
:102C00002068884222D028491431206888421DD08B
:102C1000254928312068884218D023493C31206852
:102C2000884213D020495031206888420ED01E4976
:102C300064312068884209D01B4978312068884275
:102C400004D019498C312068884201D1012000E06C
:102C5000002000B32046FDF7F1FEA068802801D1D6
:102C6000002060602079216E0860D4E91910486066
:102C7000606860B16068082809D82046FDF740FF09
:102C80000020E16E0860D4E91C10486003E00020D9
:102C9000E0662067606700206065012084F83500E9
:102CA000002081E540040240085402582DE9F0411B
:102CB00004460D4616461F464FF0000814B9012081
:102CC000BDE8F08100BF94F83400012801D1022052
:102CD000F6E7012084F8340000BF94F8350001289D
:102CE0007ED1022084F8350000206065E449206828
:102CF000884249D0E24918312068884244D0E049EE
:102D00003031206888423FD0DD4948312068884210
:102D10003AD0DB4960312068884235D0D8497831D3
:102D20002068884230D0D6499031206888422BD024
:102D3000D349A8312068884226D0D24920688842E9
:102D400022D0D0491831206888421DD0CD49303179
:102D50002068884218D0CB4948312068884213D077
:102D6000C8496031206888420ED0C6497831206851
:102D7000884209D0C34990312068884204D0C149B3
:102D8000A8312068884206D12068006820F0010040
:102D90002168086005E02068006820F001002168D3
:102DA00008603B46324629462046FDF74DFFB449B0
:102DB000206888424BD0B24918312068884246D0FA
:102DC000AF4930312068884241D0AD494831206850
:102DD00088423CD0AA4960312068884237D000E060
:102DE00042E1A74978312068884230D0A449903127
:102DF000206888422BD0A249A8312068884226D07A
:102E0000A0492068884222D09E4918312068884213
:102E10001DD09C4930312068884218D099494831EA
:102E20002068884213D097496031206888420ED0CC
:102E3000944978312068884209D0924990312068BD
:102E4000884204D08F49A8312068884201D10120EE
:102E500000E0002080B12068006820F01E0040F0F3
:102E6000160021680860206CB0B12068006840F04E
:102E70000800216808600FE02068006820F00E005C
:102E800040F00A0021680860206C28B120680068C2
:102E900040F004002168086079492068884270D0B9
:102EA00077491831206888426BD0754930312068E5
:102EB000884266D0724948312068884261D07049A2
:102EC0006031206888425CD06D4978312068884242
:102ED00057D06B4990312068884252D06849A83158
:102EE000206888424DD067492068884249D06549AA
:102EF00018312068884244D06249303120688842C5
:102F00003FD060494831206888423AD05D496031FD
:102F10002068884235D05B4978312068884230D0BB
:102F200058499031206888422BD05649A8312068F2
:102F3000884226D054492068884222D05249143110
:102F4000206888421DD0504928312068884218D016
:102F50004D493C312068884213D04B49503120689C
:102F600088420ED0484964312068884209D04649D9
:102F700078312068884204D043498C3120688842E7
:102F800001D1012000E0002090B1206E006800F423
:102F9000803028B1206E006840F48070216E086097
:102FA000E06E28B1E06E006840F48070E16E086069
:102FB00033492068884249D0314918312068884215
:102FC00044D02F493031206888423FD02C494831C5
:102FD000206888423AD02A4960312068884235D03A
:102FE000274978312068884230D0254990312068BF
:102FF00088422BD02249A8312068884226D0214916
:103000002068884222D01F491831206888421DD08C
:103010001C4930312068884218D01A49483120684C
:10302000884213D017496031206888420ED0154974
:1030300078312068884209D012499031206888424E
:1030400004D01049A8312068884206D12068006861
:1030500040F001002168086010E02068006840F03E
:1030600001002168086009E04FF40060606500BF5E
:10307000002084F8340000BF4FF0010840461FE6EE
:1030800010000240100402400854025870B5044673
:1030900000F0F2FF06462546681C10B1044800788F
:1030A000054400BF00F0E8FF801BA842FAD370BDC2
:1030B0001C00002430B5034693F89840012C01D041
:1030C000022C3ED11868806D084030B91868C06D78
:1030D00040F001001D68E8650EE01868806D08404A
:1030E000884206D11868C06D40F002001D68E8658E
:1030F00002E003201D68E86501F4007030B1186833
:10310000D0F8E00010431D68C5F8E00001F48060CD
:1031100030B11868D0F8E40010431D68C5F8E40029
:1031200000BF1868406D0B4D0D4028431D68686551
:103130000948006840EA9170074D286000BF0020F0
:1031400030BDD3F89C0040F00200C3F89C00012081
:10315000F6E70000FFFFCF3F14A800402DE9F04143
:1031600004460E461746706800B900E000BF94F8A8
:103170009800022832D12068D0F8C00000F07C50BE
:1031800040B9D4F89C0040F02000C4F89C00012015
:10319000BDE8F0812068D0F8C40000F4001038B118
:1031A000D4F89C0040F40070C4F89C000120EFE7C4
:1031B0002068D0F8C400C0F304452B463A46314697
:1031C0002046FEF7B1F80120A8402168C1F8D000E0
:1031D0000120A840C4F894000020D9E7D4F89C004E
:1031E00040F00800C4F89C000120D1E77047F0B51A
:1031F000024692F89860012E01D0022E43D1C86891
:10320000072800D100BF086818BBC868072800D08D
:1032100000BFC86807280BD1088A4FF0605747EAFB
:103220000040CF6940EA07208F6940EA07040AE0BE
:10323000087A80070F7B40EAC7600F8A40EA0740A0
:103240004F6940EA0704D76E486807EB80031C60AB
:1032500017E0C868072800D000BF0F7B086940EA64
:103260004774C868072801D18D6903E00F7A48695F
:1032700040EA8775176F486807EBC0031C601B1D89
:103280001D600020F0BDD2F89C0040F00200C2F8A2
:103290009C000120F6E770B50446049D94F8980060
:1032A00001280AD1080140EA820040EA430028438D
:1032B0002668C6F88000002070BDD4F89C0040F05D
:1032C0000400C4F89C000120F6E770477047000036
:1032D0002DE9F04304460D469C46002394F898805F
:1032E000B8F1020F74D1402D38D12068D0F8A00079
:1032F00000F4FE0040B9D4F89C0040F02000C4F86F
:103300009C000120BDE8F0832068D0F8A40000F004
:103310007F0038B9D4F89C0040F48070C4F89C0059
:103320000120EFE72068D0F8A400C0F3006040B1AE
:103330002068D0F8A0004FF00109B9EBD07F00D190
:1033400001232068D0F8A400C0F305200344606C7A
:103350005843D4F8749009EB80014BE0412D38D1EB
:103360002068D0F8B00000F4FE0038B9D4F89C0012
:1033700040F02000C4F89C000120C3E72068D0F88A
:10338000B40000F07F0038B9D4F89C0040F480709D
:10339000C4F89C000120B5E72068D0F8B400C0F361
:1033A000006040B12068D0F8B0004FF00109B9EBDF
:1033B000D07F00D101232068D0F8B400C0F30520ED
:1033C0000344E06C5843D4F8789009EB800111E095
:1033D0006DE0206DA84207D8D4F89C0040F0200092
:1033E000C4F89C0001208DE7606D6843D4F87C90A0
:1033F00009EB8001086800F080405060506820B9F7
:103400000868C0F38A40106003E0086820F060405C
:103410001060086800F000509060086800F00040FC
:103420001061091D088880B2D0610868C0F30340AC
:10343000D060086800F480105061086800F4001043
:1034400090610868C0F3066010620868C00F50629F
:10345000091D0F46002603E0B85D0CF80600761C37
:10346000DFF85C90D06819F80000B042F4D8402D25
:1034700003D12068C0F8A83017E0412D03D120689F
:10348000C0F8B83011E0202D06D20120A840D4F8B1
:103490000090C9F8980008E005F01F09012000FA23
:1034A00009F0D4F80090C9F89C0000202AE7D4F86D
:1034B0009C0040F00800C4F89C00012022E70000B6
:1034C0009CF8000801460A68D2F8C42002F03F00C8
:1034D000704770472DE9F04F8DB00446EF48006803
:1034E0008707EE48001D006807EA80772068006DB6
:1034F00000F470482068406D00EA08082068006DFC
:1035000000F00F092068406D00EA09092068006D8D
:1035100000F0F00A2068406D00EA0A0A2068006D99
:1035200000F0715B2068406D00EA0B0B2068006DB5
:1035300000F060700C902068406D0C9908400C9071
:103540002068456D2068066DC5F3002070B1C6F394
:10355000002058B100BF4FF480702168086500203A
:10356000CE49086000BF2046FFF7B3FFC5F38020B7
:10357000C8B1C6F38020B0B12068D0F8DC000A9052
:103580002068D0F8E4000A9908400A9000BF4FF480
:103590008060216808650020C049086000BF20469F
:1035A0000A9900F06DFC67B100BFBD483840216842
:1035B0000865B80FB949086000BF39462046FFF7D3
:1035C00015FEB8F1000F0ED000BFB54808EA0000A4
:1035D000216808654FEA9870B049086000BF41460D
:1035E000204600F04FFCB9F1000F0ED000BFAC48F0
:1035F00009EA0000216808654FEA9970A749086048
:1036000000BF4946204600F0DFFBBAF1000F0ED0A4
:1036100000BFA3480AEA0000216808654FEA9A70D3
:103620009E49086000BF5146204600F0EBFBC5F301
:10363000C02070B1C6F3C02058B100BF4FF4006085
:103640002168086500209549086000BF204600F009
:103650001AFCC5F34020C8B1C6F34020B0B12068C1
:10366000D0F8D8000B902068D0F8E0000B99084003
:103670000B9000BF4FF40070216808650020874957
:10368000086000BF20460B9900F0FBFBC5F3C0406B
:1036900070B1C6F3C04058B100BF4FF4002021689C
:1036A000086500207D49086000BF204600F08AFBC5
:1036B000C5F3004070B1C6F3004058B100BF4FF4ED
:1036C00080302168086500207449086000BF2046EA
:1036D00000F0D5FBC5F3804070B1C6F3804058B10F
:1036E00000BF4FF480202168086500206B49086006
:1036F00000BF204600F0C2FBC5F3404088B1C6F3CE
:10370000404070B100BF4FF40030216808650020D0
:103710006249086000BFD4F89C0040F08000C4F803
:103720009C000C9870B100BF5D490C98084021685E
:1037300008650C98800F5949086000BF20460C9915
:10374000FFF7C4FDBBF1000F10D000BF54480BEAD7
:103750000000216808654FEA9B705049086000BF6F
:10376000D4F89C0040EA0B00C4F89C004D49206846
:1037700088427DD16068806800F00300002877D01F
:103780006068006A00F00F0009906068406A09995B
:10379000084009906068006A00F030000890606896
:1037A000406A0899084008906068006A00F4C07098
:1037B00007906068406A0799084007906068006A4F
:1037C00000F4FC4006906068406A06990840069044
:1037D0006068006A00F4F02005906068406A05990E
:1037E000084005906068406A02906068006A019035
:1037F000099830B10998616808622046099900F07B
:103800003AFB089830B10898616808622046089928
:1038100000F033FB0298C0F38010A0B10198C0F310
:10382000801080B16068C06B000C04906068C06B51
:1038300000F03F0003904020616808622046DDE907
:10384000032100F019FB079830B1079861680862FE
:103850002046079900F00EFB069840B10698616873
:103860000862D4F89C0006990843C4F89C0000E064
:103870000AE0059840B1059861680862D4F89C0098
:1038800005990843C4F89C00D4F89C0010B1204668
:10389000FFF71BFD0DB0BDE8F08F000010A8004041
:1038A000FFFFCF3F00A0004070B594B004464C220B
:1038B000B34901A8FCF7BCFE14B9012014B070BDD7
:1038C000B0492068884203D1206800F580706060AC
:1038D000A068B0F5407F00D100BF206C00B100BFF0
:1038E000A06C00B100BF206D00B100BF206E00B120
:1038F00000BFD4E91710084400B100BF94F8980045
:1039000028B9002084F89900204600F03DF920688D
:10391000806920F010002168886100F0ADFB054649
:103920000EE000F0A9FB401B0A2809D99834606812
:1039300040F001006060032004F898090120BDE711
:103940002068806900F008000828EAD020688069B3
:1039500040F001002168886100F08EFB05460EE012
:1039600000F08AFB401B0A2809D99834606840F0AF
:1039700001006060032004F8980901209EE7206898
:10398000806900F001000028EAD02068806940F0DA
:10399000020021688861207C012806D120688069A6
:1039A00020F040002168886105E02068806940F0CF
:1039B000400021688861607C012806D12068806908
:1039C00040F480402168886105E02068806920F427
:1039D000804021688861A07C012806D12068806928
:1039E00020F480502168886105E02068806940F4F7
:1039F0008050216888612068806920F44070A16847
:103A00000843216888612068806920F0A40021684B
:103A100088612068006920F0100021680861E06872
:103A2000012806D12068806940F00400216888617F
:103A300020E0E068F0B1E068022815D020688069D5
:103A400040F08000216888612068006940F0100023
:103A500021680861E06803280CD12068806940F083
:103A600020002168886105E02068806940F020001E
:103A700021688861207E401E4106E069401E41EABF
:103A80000020216A491E0843A18A491E40EA0140DC
:103A90002168C861A068B0F5407F0FD1A06A401EC0
:103AA000E16A491E40EA0121206B401E41EA0011F3
:103AB000A08C401E41EA00402168C860206E38B1E9
:103AC0002068D0F8C000616E08432168C1F8C000CA
:103AD000D4E91710084460B12068D0F8C80020F07D
:103AE000070001AAA16E52F8211008432168C1F80D
:103AF000C800206C60B12068D0F8BC0020F007003E
:103B000001AA616C52F8211008432168C1F8BC0079
:103B1000A06C68B12068D0F8BC0020F0700101AA48
:103B2000E06C52F8200041EA00102168C1F8BC00A6
:103B3000206D68B12068D0F8BC0020F4E06101AAD3
:103B4000606D52F8200041EA00202168C1F8BC00F5
:103B50000C492068884205D16068806820F0030025
:103B600061688860002044F8940FA06001202071F3
:103B7000943C2046FDF7C8FA064630469EE6000013
:103B8000ACF8000800A0004010B5B6B004461421FF
:103B900030A8FCF7A9FDB82102A8FCF7A5FD8249D1
:103BA0002068884251D14FF400410020CDE9021035
:103BB00048031D9002A801F0D7FC08B1FDF77FF97A
:103BC0007A480068401C7949086008460068012866
:103BD0000DD100BF7648006840F4807074490860D9
:103BE0000846006800F48070019000BF00BF00BF6D
:103BF0006F480C38006840F008006D490C390860C7
:103C00000846006800F00800019000BF00BF0320D4
:103C1000309002203190002032903390092034906F
:103C200030A9644800F030F900220521132000F08B
:103C3000E1FA132000F0CAFA00220521152000F055
:103C4000D9FA152000F0C2FAABE05B49206888423F
:103C500051D14FF400410020CDE9021048031D90DE
:103C600002A801F081FC08B1FDF729F94F4800686E
:103C7000401C4E4908600846006801280DD100BF6D
:103C80004B48006840F48070494908600846006865
:103C900000F48070019000BF00BF00BF44480C38A2
:103CA000006840F0020042490C390860084600688C
:103CB00000F00200019000BF00BF602030900220A1
:103CC00031900020329033900920349030A93B4845
:103CD00000F0DAF800220521142000F08BFA1420FD
:103CE00000F074FA00220521162000F083FA162055
:103CF00000F06CFA55E032492068884251D14FF407
:103D000000410020CDE9021048031D9002A801F0F7
:103D10002BFC08B1FDF7D3F824480068401C234968
:103D200008600846006801280DD100BF20480068DF
:103D300040F480701E4908600846006800F48070F6
:103D4000019000BF00BF00BF19480C38006840F068
:103D5000080017490C3908600846006800F00800A0
:103D6000019000BF00BF4FF44050309002203190CE
:103D70000020329033900520349030A90D4800F097
:103D800083F8002205219F2000F034FA9F2000F0E4
:103D90001DFA00220521A02000F02CFAA02000F03E
:103DA00015FA36B010BD000000A00040100000243D
:103DB000EC440258000C025800A4004000040258D1
:103DC00000D400407047000070B504460D4605F071
:103DD000010080B10848844202D109F0E7F80AE006
:103DE0000648844202D109F0F3F804E00448844212
:103DF00001D109F01DF970BD201D0024C01D002453
:103E0000601E002470B504460D4605F0100080B118
:103E10000848844202D109F0C9F80AE00648844201
:103E200002D109F0D5F804E00448844201D109F038
:103E3000FFF870BD201D0024C01D0024601E00245A
:103E4000014691F8980001280CD1022081F89800D1
:103E50000868806920F001000A6890610020C1F8BC
:103E60009C007047D1F89C0040F00400C1F89C0011
:103E70000120F6E7704770477047704770477047FA
:103E80007047704770477047F8B502460B460021EF
:103E90006D4DD2E001278F401E6806EA0704002C12
:103EA00072D01E7906F00306012E04D01E7906F0AA
:103EB0000306022E13D190684F000326BE40B04384
:103EC0004F00DE68BE4030439060506801268E404F
:103ED000B0431E79C6F300168E40304350601E7901
:103EE00006F00306032E09D0D0684F000326BE401B
:103EF000B0434F009E68BE403043D0601E7906F04C
:103F00000306022E13D1CF0802F1200656F827002F
:103F10004E07F70E0F26BE40B0434F07FF0E1E6937
:103F2000BE403043CF0802F1200646F82700106853
:103F30004F000326BE40B0431E7906F003064F0033
:103F4000BE40304310605E6806F44036002E73D0E9
:103F500000BF3E4E366846F002063C4F3E603E468D
:103F6000366806F00206009600BF00BF384E8F0884
:103F700056F827008E07370F0F26BE40B043354E48
:103F8000B24202D1002629E056E0334EB24201D1BE
:103F9000012623E0314EB24201D102261EE0304E0E
:103FA000B24201D1032619E02E4EB24201D10426BD
:103FB00014E02D4EB24201D105260FE02B4EB24245
:103FC00001D106260AE02A4EB24201D1072605E0B9
:103FD000284EB24201D1092600E00A268F073F0F82
:103FE000BE4030431A4E8F0846F827004FF0B046C7
:103FF0003068A0435E6806F4801606B120434FF097
:10400000B04630607068A0435E6806F4001606B1E2
:1040100020434FF0B04670606868A0435E6806F4C5
:10402000003606B1204368602868A0435E6806F445
:10403000803606B120432860491C1E68CE40002E01
:104040007FF428AFF8BD000080000058F444025807
:1040500008040058000002580004025800080258E2
:10406000000C0258001002580014025800180258A0
:10407000001C0258002402580148006870470000E4
:1040800014000024034800680349097808440149E2
:1040900008607047140000241C00002410B50320A1
:1040A00000F0E6F802F0D4FA10490968C1F30321E0
:1040B0000F4A515C01F01F0120FA01F40B4800681F
:1040C00000F00F001146085C00F01F0024FA00F019
:1040D00008490860084804600F2000F00FF808B194
:1040E000012010BD00F05AF80020FAE718440258E9
:1040F00020F900082400002420000024F0B58BB033
:104100000446102C0AD200222146362000F072F814
:10411000362000F05BF81C48046002E001200BB080
:10412000F0BD00BF1948006840F010001749086052
:104130000846006800F01000019000BF00BF02A90F
:1041400003A802F005FA089E1EB902F05DFA0546C2
:1041500002E002F059FA45000D48B5FBF0F0471EA9
:104160000C480D49086040F2E7310B48C1604760D8
:1041700000210161816002F0A5FF18B9064802F034
:10418000F1FFCCE70120CAE718000024E8440258F8
:1041900040420F0000100040DC21002408B500BFA1
:1041A0000948006840F002000749086008460068B6
:1041B00000F00200009000BF00BF00220F21901EFF
:1041C00000F018F808BD0000F44402580146084603
:1041D00000280DDB00BF00BF00F01F0301229A4042
:1041E00043099B0003F1E023C3F8002100BF00BF97
:1041F00000BF70472DE9F05F80460D46164608F077
:1042000091FD074639462A46334601F00700C0F1C2
:10421000070ABAF1040F02D94FF0040A01E0C0F115
:10422000070AD14600F1040ABAF1070F02D24FF093
:10423000000A01E0A0F1030AD4464FF0010A0AFA8D
:1042400009FAAAF1010A0AEA020A0AFA0CFA4FF07C
:10425000010B0BFA0CFBABF1010B0BEA030B4AEA67
:104260000B042146404608F065FDBDE8F09F0000C4
:1042700000BF00F00702064B19684FF6FF03194014
:10428000044B0B4343EA0221014B196000BF704706
:104290000CED00E00000FA0501460A680120C1F8B3
:1042A000D804002081F8CC04906940F0006090614F
:1042B000506D024B184350650020704703000010FA
:1042C000704702461068416200207047F0B503460F
:1042D00015461868446A21B944EA05401E68B06270
:1042E00019E01868806A04EB1044002208E018689E
:1042F00000F5827050F8220004EB1044501CC2B24A
:10430000481E9042F3D844EA0547186800F58270C9
:104310004E1E40F826700020F0BD10B50446D4F8BB
:10432000E00406F089FE10BD70B504460D4605EBAD
:10433000C50304F1140101EB8301CA682946D4F8CE
:10434000E00406F074FD70BD70B504460D4605EB43
:10435000C50304F5157101EB8301CA682946D4F839
:10436000E00406F0E8FD70BD10B50446D4F8E004A2
:1043700006F065FE10BD2DE9F04104460D4605F03E
:104380008000802808D105F00F0000EBC00104F187
:10439000140000EB810607E005F00F0000EBC00100
:1043A00004F5157000EB81063146206808F09CF892
:1043B00007463846BDE8F08170B504460E4606F063
:1043C000800080280AD106F00F0000EBC00104F144
:1043D000140000EB81050120687009E006F00F0071
:1043E00000EBC00104F5157000EB8105002068703A
:1043F00006F00F00287000BF94F89404012801D142
:10440000022070BD012084F8940400BF2946206872
:1044100007F0FCFB00BF002084F8940400BF00BF3D
:10442000EFE770B504460E4606F00F00217988428A
:1044300001D9012070BD06F0800080280AD106F065
:104440000F0000EBC00104F1140000EB8105012016
:10445000687009E006F00F0000EBC00104F515706C
:1044600000EB8105002068700020A87006F00F00A6
:10447000287000BF94F89404012801D10220D9E7E4
:10448000012084F8940400BF2946206807F0B8FD95
:1044900000BF002084F8940400BF00BFCAE70246B2
:1044A00001F00F0000EBC00302F5157000EB830074
:1044B000406970472DE9F04705460E4690461F4675
:1044C0004FF0000906F0800080280AD106F00F00A6
:1044D00000EBC00105F1140000EB810401206070C5
:1044E00009E006F00F0000EBC00105F5157000EBC8
:1044F00081040020607006F00F002070C8F30A00ED
:10450000A0602771607808B120786083022F01D104
:104510000020607100BF95F89404012802D10220A8
:10452000BDE8F087012085F8940400BF2146286883
:1045300007F076FA00BF002085F8940400BF4846D3
:10454000EEE72DE9F04105460E461746984606F07F
:104550000F0000EBC00105F5157000EB8104E7606A
:10456000C4F8108000206061607006F00F002070B9
:10457000A879012800D1E761AA792146286807F0C7
:10458000D3FD0020BDE8F08170B504460D4605F06E
:104590000F002179884201D9012070BD05F080000B
:1045A00080280AD105F00F0000EBC00104F11400CF
:1045B00000EB81060120707007E005EBC50104F5F2
:1045C000157000EB8106002070700120B07005F0BE
:1045D0000F00307000BF94F89404012801D102202C
:1045E000DBE7012084F8940400BF3146206807F01F
:1045F0004EFD05F00F0028B9A17904F29C42206815
:1046000007F0C6FC00BF002084F8940400BF00BF80
:10461000C3E72DE9F04105460E461746984606F0D9
:104620000F0000EBC00105F1140000EB8104E7600E
:10463000C4F81080002060610120607006F00F0057
:104640002070A879012800D1E761AA79214628685D
:1046500007F06AFD0020BDE8F0812DE9FE4F044619
:10466000D4F800B05E46206808F020F8002874D125
:10467000206808F05AF808B9BDE8FE8F40F6080037
:104680008059C0F30D20C4F8D404206808F04DF818
:1046900000F00200022805D12068406900F0020005
:1046A00021684861206808F040F800F010001028E8
:1046B00045D12068806920F0100021688861DBF80E
:1046C000209009F00F0000EBC00104F5157000EB1D
:1046D000810AC9F3434002281AD147F6F07009EA6B
:1046E000000030B3C9F30A125846DAF80C1008F08B
:1046F00021F8C9F30A11DAF80C000844CAF80C00D2
:10470000C9F30A11DAF814000844CAF8140010E0DA
:10471000C9F3434006280CD1082204F29C415846B4
:1047200008F008F8C9F30A11DAF814000844CAF8C6
:1047300014002068806940F01000216888612068BA
:1047400007F0F3FF00F40020B0F5002F7BD1002527
:10475000206807F0BAFF029072E003E3029800F0CD
:104760000100002868D0E9B2206807F0D1FF804638
:1047700008F0010048B1012106F5306000EB45105A
:1047800081602946204604F05DF808F008000828FA
:1047900009D1082106F5306000EB451081602946FB
:1047A000204604F01DF808F01000102805D1102153
:1047B00006F5306000EB4510816008F00200022829
:1047C00024D1DBF8140000F08000802807D140F6E7
:1047D0000400805940F4806140F60400815105EBEB
:1047E000C50104F5157000EB810A9AF80300012851
:1047F00006D100208AF80300E9B2204600F0BDFA95
:10480000022106F5306000EB4510816008F02000C1
:10481000202805D1202106F5306000EB451081608D
:1048200008F40050B0F5005F06D14FF4005106F5D2
:10483000306000EB451081606D1C029840080290CA
:10484000029800288AD1206807F06FFF00F48020CA
:10485000B0F5802F7DD1206807F02DFF0290002554
:104860009AE0029800F00100002873D0E9B22068B5
:1048700007F035FF804608F00100F0B305F00F01A6
:1048800001208840019040F634008159019821EAC6
:10489000000040F634018851012106F5106000EB5C
:1048A00045108160A079012824D105EBC50104F1F0
:1048B000140000EB810005EBC502C16804F114008F
:1048C00000EB82008068014405EBC50204F114008E
:1048D00000EB8200C1606DB905EBC50104F1140065
:1048E00000EB8100006928B904F29C420121206894
:1048F00007F04EFBE9B2204600E001E0FFF714FDAF
:1049000008F00800082805D1082106F5106000EB22
:104910004510816008F01000102805D1102106F51F
:10492000106000EB4510816008F04000402805D180
:10493000402106F5106000EB4510816008F0020090
:1049400002281DD12946584607F073FE05EBC50124
:1049500001E025E01CE004F1140000EB810A9AF864
:104960000300012806D100208AF80300E9B220469E
:1049700000F0FAF9022106F5106000EB45108160A5
:1049800008F08000802803D12946204603F0FCFF70
:104990006D1C029840080290029800287FF461AFD5
:1049A000206807F0C2FE00F00040B0F1004F1CD1BB
:1049B00040F60400805920F0010140F604008151C6
:1049C00094F8CC04012807D1002084F8CC040021FD
:1049D0002046FFF775FC02E0204600F0D7FA206879
:1049E000406900F0004021684861206807F09DFEA2
:1049F00000F40060B0F5006F0ED140F60800805959
:104A000000F0010010B1204600F018FB206840695A
:104A100000F4006021684861206807F086FE00F01D
:104A20000060B0F1006F19D12068406900F00060AB
:104A30002168486194F8CC0468B9012084F8CC045A
:104A40002068406DC0F38300C4F8D00401212046E3
:104A5000FFF736FC02E0204600F0F0FA206807F08D
:104A600064FE00F48050B0F5805F7ED140F6040013
:104A7000805920F0010140F6040081511021206886
:104A800007F0D7FD002732E04FF67F3106F51060C2
:104A900000EB4710816006F5106000EB47100068DE
:104AA00020F4001106F5106000EB471001604FF68E
:104AB0007F3106F5306000EB4710816006F530600D
:104AC00000EB4710006820F4001106F5306000EBA1
:104AD0004710016006F5306000EB4710006840F0B9
:104AE000006106F5306000EB471001607F1C207903
:104AF000B842C9D840F61C00805940F0011140F678
:104B00001C008151E07B70B1D6F8840840F00B01A5
:104B1000C6F8841840F64400805940F00B0140F676
:104B2000440081510FE040F61400805942F22B01FD
:104B3000084340F614018851081F805940F00B01CA
:104B40004FF401608151D6F8000820F4FE60C6F8E9
:104B50000008A17904F29C42206807F019FA206845
:104B6000406900F48050216800E000E0486120685E
:104B700007F0DBFD00F40050B0F5005F17D12068AE
:104B800006F0B6FF206807F07EFDE07101F016FD2B
:104B90000090E2792068009907F04EFE204600F070
:104BA000DDF92068406900F4005021684861206800
:104BB00007F0BBFD00F00800082808D1204600F0EF
:104BC000ECF92068406900F008002168486120681D
:104BD00007F0ABFD00F08000802818D1DBF818004A
:104BE00020F08000CBF8180001250DE005EBC50191
:104BF00004F5157000EB8100C078012803D1E9B2FB
:104C00002046FFF7B8FB6D1C2079A842EED820683B
:104C100007F08BFD00F48010B0F5801F2DD1012529
:104C200022E006F5106000EB4510D0F8009005EB8F
:104C3000C50104F1140000EB81000079012812D1B4
:104C400009F00040B0F1004F0DD1012105EBC50284
:104C500004F1140000EB8200C170E8B240F0800162
:104C60002046FFF788FB6D1C2079A842D9D8206820
:104C7000406900F4801021684861206807F055FD04
:104C800000F40010B0F5001F44D1012538E006F50E
:104C9000306000EB4510D0F8009005EBC50104F53D
:104CA000157000EB81000079012828D109F000403F
:104CB000B0F1004F23D194F8D40400F00100C9F3FF
:104CC000004188421BD1012105EBC50204F5157096
:104CD00000EB8200C170DBF8180040F08000CBF8D8
:104CE0001800DBF8140000F0800040B940F6040022
:104CF000805940F4007140F60400815103E06D1CBE
:104D00002079A842C3D800BF2068406900F4001091
:104D100021684861206807F008FD00F08040B0F18C
:104D2000804F08D12046FFF7F8FA2068406900F06C
:104D3000804021684861206807F0F7FC00F004001B
:104D400004280FD12068D0F8049009F0040004284A
:104D500002D12046FFF708FB2068406840EA0900BE
:104D60002168486000BF87E470B504460D462946B7
:104D7000D4F8E00406F0D4F970BD70B504460D46D1
:104D80002946D4F8E00406F0EFF970BD38B50446C2
:104D90000CB9012038BD94F8950428B9002084F896
:104DA0009404204600F0A2F8032084F895042068BB
:104DB00007F0E6F8207C8DF8000094E80F0006F07C
:104DC000ABFE20B1022084F895040120E2E7002127
:104DD000206807F0DFFC20B1022084F89504012050
:104DE000D8E7002531E0012105EBC50204F11400EC
:104DF00000EB8200417005EBC50104F1140000F8DE
:104E0000215005EBC50100EB81004583002105EB36
:104E1000C50204F1140000EB8200017105EBC5022C
:104E200004F1140000EB8200816005EBC50204F17F
:104E3000140000EB8200C16005EBC50204F1140010
:104E400000EB82000161681CC5B22079A842CADC6F
:104E500000252AE0002105EBC50204F5157000EBE2
:104E60008200417005EBC50104F5157000F8215072
:104E7000002105EBC50200EB8200017105EBC502C4
:104E800004F5157000EB8200816005EBC50204F5A6
:104E9000157000EB8200C16005EBC50204F51570CA
:104EA00000EB82000161681CC5B22079A842D1DC08
:104EB000207C8DF8000094E80F0006F071FF20B10F
:104EC000022084F89504012064E70020607401202A
:104ED00084F89504207B012802D12046FFF7DCF9F5
:104EE000206806F04BFF002054E7000010B5B0B07A
:104EF0000446B82102A8FBF7F7FB16492068884250
:104F000025D14FF480210020CDE902104FF440104C
:104F1000239002A800F028FB08B1FBF7D0FF00F0B7
:104F2000D7F800BF0C48006840F000700A490860DC
:104F30000846006800F00070019000BF00BF00222A
:104F400005214D20FFF756F94D20FFF73FF930B00E
:104F500010BD000000000440D844025870B504465B
:104F60000125E07908B9002506E0E079022801D1A1
:104F7000012501E0FBF7A3FF2946D4F8E00406F081
:104F80009CF9D4F8E00406F043F970BD10B504466E
:104F9000D4F8E00406F072F910BD10B50446D4F858
:104FA000E00406F076F910BD70B504460D4600BF6A
:104FB00094F89404012801D1022070BD012084F8E6
:104FC000940400BF65742946206807F017FC00BFF1
:104FD000002084F8940400BF00BFEEE710B504463B
:104FE00004F29C41D4F8E00406F07EF910BD70B5DF
:104FF0000446256800BF94F89404012801D10220DA
:1050000070BD012084F8940400BFE86800F04000FF
:1050100030B1607B012803D1A86B40F48030A863D5
:10502000206807F0D7FA206806F096FE00BF00203F
:1050300084F8940400BF00BFE2E7000010B5044606
:10504000D4F8E00406F0ADF92068D0F8000E40F086
:1050500001002168C1F8000EE07A28B10348006819
:1050600040F006000149086010BD000010ED00E0AE
:1050700070B5044615480068C0F3800048B913486D
:10508000006800F00700A04201D0012070BD0020A0
:10509000FCE70E48006820F0070020430B49086039
:1050A000FEF7EAFF054607E0FEF7E6FF401BB0F516
:1050B0007A7F01D90120E9E7044808380068C0F385
:1050C00040300028F0D00020E0E700000C480258F3
:1050D0000348006840F08070014908607047000094
:1050E0000C48025810B501F069FA05490968C1F386
:1050F0000211044A515C01F01F01C84010BD0000BC
:105100002044025820F9000870B50146844D2D68EE
:1051100005F00303824D2D68C5F30530804D2D1D2C
:105120002D68C5F300147E4D14352D68C5F3CC05EC
:1051300015FB04F501EE105AB8EE411AF0EE410AE3
:1051400000286FD023B1012B4ED0022B6BD16BE026
:10515000734D283D2D68C5F340153DB3704D283D76
:105160002D68C5F3C1066F4D25FA06F201EE102A2F
:10517000F8EE411A01EE100AB8EE411A81EE812ACA
:105180009FED691AC0EE811A654D10352D68C5F383
:10519000080501EE105AB8EE411A31EE811AF7EE09
:1051A000001A31EE211A22EE010A1CE001EE100A6B
:1051B000B8EE411ADFED5D1A81EE812A9FED5A1A91
:1051C000C0EE811A564D10352D68C5F3080501EE65
:1051D000105AB8EE411A31EE811AF7EE001A31EE8C
:1051E000211A22EE010A5BE001EE100AB8EE411A24
:1051F000DFED4F1A81EE812A9FED4B1AC0EE811A26
:10520000474D10352D68C5F3080501EE105AB8EE6C
:10521000411A31EE811AF7EE001A31EE211A22EE10
:10522000010A3DE077E01DE001EE100AB8EE411AF8
:105230009FED402AC2EE011A9FED3B1A80EE812AB3
:10524000374D10352D68C5F3080501EE105AB8EE3C
:10525000411A32EE011AB7EE002A31EE021A21EE9F
:10526000810A1DE001EE100AB8EE411ADFED301A96
:1052700081EE812A9FED2C1AC0EE811A284D10353F
:105280002D68C5F3080501EE105AB8EE411A31EE4B
:10529000811AF7EE001A31EE211A22EE010A00BF40
:1052A00000BF1F4D10352D68C5F3462501EE105A7D
:1052B000B8EE411AF7EE001A31EE211AC0EE011ACB
:1052C000BCEEE11A81ED001A154D10352D68C5F3BD
:1052D000064501EE105AB8EE411AF7EE001A31EE0B
:1052E000211AC0EE011ABCEEE11A81ED011A0C4D33
:1052F00010352D68C5F3066501EE105AB8EE411A57
:10530000F7EE001A31EE211AC0EE011ABCEEE11AD6
:1053100081ED021A03E000250D604D608D6070BDC7
:10532000284402580090D003000000460024744C2A
:105330000024744A001BB74B70B50146844D2D689C
:1053400005F00303824D2D68C5F30550804D2D1DDA
:105350002D68C5F300247E4D1C352D68C5F3CC05A2
:1053600015FB04F501EE105AB8EE411AF0EE410AB1
:1053700000286FD023B1012B4ED0022B6BD16BE0F4
:10538000734D283D2D68C5F340153DB3704D283D44
:105390002D68C5F3C1066F4D25FA06F201EE102AFD
:1053A000F8EE411A01EE100AB8EE411A81EE812A98
:1053B0009FED691AC0EE811A654D18352D68C5F349
:1053C000080501EE105AB8EE411A31EE811AF7EED7
:1053D000001A31EE211A22EE010A1CE001EE100A39
:1053E000B8EE411ADFED5D1A81EE812A9FED5A1A5F
:1053F000C0EE811A564D18352D68C5F3080501EE2B
:10540000105AB8EE411A31EE811AF7EE001A31EE59
:10541000211A22EE010A5BE001EE100AB8EE411AF1
:10542000DFED4F1A81EE812A9FED4B1AC0EE811AF3
:10543000474D18352D68C5F3080501EE105AB8EE32
:10544000411A31EE811AF7EE001A31EE211A22EEDE
:10545000010A3DE077E01DE001EE100AB8EE411AC6
:105460009FED402AC2EE011A9FED3B1A80EE812A81
:10547000374D18352D68C5F3080501EE105AB8EE02
:10548000411A32EE011AB7EE002A31EE021A21EE6D
:10549000810A1DE001EE100AB8EE411ADFED301A64
:1054A00081EE812A9FED2C1AC0EE811A284D183505
:1054B0002D68C5F3080501EE105AB8EE411A31EE19
:1054C000811AF7EE001A31EE211A22EE010A00BF0E
:1054D00000BF1F4D18352D68C5F3462501EE105A43
:1054E000B8EE411AF7EE001A31EE211AC0EE011A99
:1054F000BCEEE11A81ED001A154D18352D68C5F383
:10550000064501EE105AB8EE411AF7EE001A31EED8
:10551000211AC0EE011ABCEEE11A81ED011A0C4D00
:1055200018352D68C5F3066501EE105AB8EE411A1C
:10553000F7EE001A31EE211AC0EE011ABCEEE11AA4
:1055400081ED021A03E000250D604D608D6070BD95
:10555000284402580090D003000000460024744CF8
:105560000024744A001BB74B2DE9F0410446002586
:10557000A8464FF00062D4E9001011400020134605
:1055800059404040014331D1606E48B1B0F5801FB1
:105590000DD0B0F5001F11D0B0F5401F16D114E0AA
:1055A000FE48006840F40030FC49086010E0022129
:1055B00004F1080003F078FA054609E0022104F13D
:1055C000280003F023FB054602E001E0012500BFAF
:1055D00000BF55B9F1482430006820F44010616ED6
:1055E0000843EE492431086000E0A8464FF4807279
:1055F000D4E90010114000201346594040400143B7
:105600002ED1A06D05281BD2DFE800F0030A111887
:105610001900E248006840F40030E049086011E0F9
:10562000002104F1080003F03FFA05460AE00021DA
:1056300004F1280003F0EAFA054603E002E001E085
:10564000012500BF00BF55B9D4482430006820F0C0
:105650000700A16D0843D1492431086000E0A84645
:105660004FF48062D4E900101140002013465940E5
:10567000404001433DD1D4F8A400B0F5C00F24D080
:1056800007DC68B1B0F5001F11D0B0F5800F1FD155
:1056900014E0B0F5000F19D0B0F5200F18D116E0C6
:1056A000BE48006840F40030BC49086012E00021A8
:1056B00004F1080003F0F8F905460BE0002104F1BD
:1056C000280003F0A3FA054604E003E002E001E04D
:1056D000012500BF00BF5DB9B0482C30006820F440
:1056E0006000D4F8A4100843AC492C31086000E0F5
:1056F000A8464FF40062D4E900011040002113468F
:105700005840494008433DD1D4F8A800B0F1407F4B
:1057100024D007DC68B1B0F1807F11D0B0F1007FF8
:105720001FD114E0B0F1806F19D0B0F1A06F18D183
:1057300016E09A48006840F400309849086012E08A
:10574000002104F1080003F0AFF905460BE0002149
:1057500004F1280003F05AFA054604E003E002E0F1
:1057600001E0012500BF00BF5DB98C482C30006806
:1057700020F0E060D4F8A810084388492C31086074
:1057800000E0A8464FF00073D4E900101940002053
:1057900059404040014328D1E06CA8B1102804D002
:1057A000202809D0302810D10DE07C48006840F452
:1057B00000307A4908600AE0022104F1080003F091
:1057C00073F9054603E002E001E0012500BF00BFD8
:1057D00055B972482030006820F03000E16C084371
:1057E0006E492031086000E0A8464FF48053D4E9A8
:1057F00000101940002059404040014337D1E06D6E
:10580000B0F5005F1AD004DC50B1B0F5805F1ED156
:105810000DE0B0F5405F18D0B0F5804F17D115E01E
:105820005E48006840F400305C49086011E00021E7
:1058300004F1080003F038F905460AE0002104F1FC
:10584000280003F0E3F9054603E002E001E001254A
:1058500000BF00BF55B951482430006820F4E04033
:10586000E16D08434D492431086000E0A8464FF43B
:105870000053D4E900101940002059404040014332
:1058800035D1206EB0F5403F1ED007DC68B1B0F5D1
:10589000803F0BD0B0F5003F19D10EE0B0F5802F5E
:1058A00013D0B0F5A02F12D110E012E0012104F1C5
:1058B000080003F0F9F805460BE0012104F1280087
:1058C00003F0A4F9054604E003E002E001E001254D
:1058D00000BF00BF55B931482430006820F4E020F3
:1058E000216E08432D492431086000E0A8464FF49A
:1058F0008042D4E90001104000211346584049403D
:10590000084337D1D4F8AC00B0F1405F1ED007DCBB
:1059100068B1B0F1805F0BD0B0F1005F19D10EE03B
:10592000B0F1804F13D0B0F1A04F12D110E012E0CF
:10593000012104F1080003F0B7F805460BE001214E
:1059400004F1280003F062F9054604E003E002E0F8
:1059500001E0012500BF00BF5DB910482C30006890
:1059600020F0E040D4F8AC1008430C492C3108601A
:1059700000E0A8464FF40043D4E90001184000219C
:105980005840494008432AD1E06EB8B1B0F1805F79
:1059900006D0B0F1005F12D109E000002C4402589B
:1059A000F948006840F40030F749086009E0012137
:1059B00004F1080003F078F8054602E001E0012553
:1059C00000BF00BF55B9F0482430006820F04050B7
:1059D000E16E0843EC492431086000E0A8464FF02E
:1059E0008073D4E900101940002059404040014321
:1059F00028D1A06CA8B1012804D0022809D003281E
:105A000010D10DE0E048006840F40030DE49086045
:105A10000AE0022104F1080003F046F8054603E01D
:105A200002E001E0012500BF00BF55B9D648203093
:105A3000006820F00300A16C0843D34920310860BE
:105A400000E0A8464FF48003D4E90010194000207C
:105A50005940404001437DD1CC48006840F48070FB
:105A6000CA490860FEF708FB064606E0FEF704FB9D
:105A7000801B642801D9032505E0C448006800F4B0
:105A800080700028F2D000BF85BBBF48443000685A
:105A900000F44070B4F8B01001F44071884213D0A3
:105AA000B9484430006820F44077B7484430006873
:105AB00040F48030B449443108600846006820F45E
:105AC0008030086008460760D4F8B000B0F5807FE9
:105AD00015D1FEF7D1FA064609E0FEF7CDFA801B94
:105AE00041F28831884202D9032507E038E0A64810
:105AF00044300068C0F340000028EED000BF55BB22
:105B000000BFB4F8B00000F44070B0F5407F0ED193
:105B10009D481C38006820F47C519D4AD4F8B000A0
:105B2000104041EA101098491C39086007E0964877
:105B30001C38006820F47C5093491C390860924856
:105B400044300068B4F8B010C1F30B0108438E492B
:105B5000443101E005E001E0086002E0A84600E011
:105B6000A8460122D4E90001104000211346584004
:105B70004940084330D1A06F18281AD005DC48B13D
:105B8000082808D0102817D10CE0202812D0282887
:105B900012D110E012E0012104F1080002F084FFAC
:105BA00005460BE0012104F1280003F02FF805461B
:105BB00004E003E002E001E0012500BF00BF55B9A9
:105BC00071482830006820F03800A16F08436E4902
:105BD0002831086000E0A8460223D4E900101940EB
:105BE000002059404040014329D1606F062816D259
:105BF000DFE800F003040B12131412E0012104F19A
:105C0000080002F051FF05460BE0012104F12800D5
:105C100002F0FCFF054604E003E002E001E001259C
:105C200000BF00BF55B958482830006820F0070071
:105C3000616F084354492831086000E0A8460422F7
:105C4000D4E9001011400020134659404040014360
:105C50002BD1D4F89000062816D2DFE800F0030418
:105C60000B12131412E0012104F1080002F01CFFD2
:105C700005460BE0012104F1280002F0C7FF0546AC
:105C800004E003E002E001E0012500BF00BF5DB9D0
:105C90003D482C30006820F00700D4F890100843ED
:105CA00039492C31086000E0A8462023D4E90001DE
:105CB0001840002158404940084337D1D4F88C009F
:105CC000B0F1405F1ED007DC68B1B0F1805F0BD04F
:105CD000B0F1005F19D10EE0B0F1804F13D0B0F1F8
:105CE000A04F12D110E012E0002104F1080002F0F0
:105CF000DBFE05460BE0022104F1280002F086FFDE
:105D0000054604E003E002E001E0012500BF00BF1A
:105D10005DB91D482830006820F0E040D4F88C10B0
:105D2000084319492831086000E0A8464023D4E917
:105D30000010194000205940404001433CD1D4F8A4
:105D40009800B0F5406F25D007DC68B1B0F5806FE2
:105D50000BD0B0F5006F20D10EE0B0F5805F1AD007
:105D6000B0F5A05F19D117E019E0002104F1080097
:105D700002F09AFE054612E0022104F1280002F02A
:105D800045FF05460BE000002C440258004802582D
:105D9000FFFCFF0F03E002E001E0012500BF00BFB0
:105DA0004DB9FE48006820F4E050D4F8981008433C
:105DB000FA49086000E0A8468023D4E900101940A1
:105DC000002059404040014335D1D4F89C00B0F543
:105DD000C04F1ED007DC68B1B0F5005F0BD0B0F546
:105DE000804F19D10EE0B0F5004F13D0B0F5204F21
:105DF00012D110E012E0002104F1080002F054FE7C
:105E000005460BE0022104F1280002F0FFFE0546E2
:105E100004E003E002E001E0012500BF00BF4DB94E
:105E2000DE48006820F46040D4F89C100843DB4949
:105E3000086000E0A8460823D4E9000118400021CA
:105E400058404940084317D1D4F88000B0F5805F2E
:105E500007D1022104F1280002F0D8FE08B14FF06A
:105E60000108CE48001F006820F44050D4F880108C
:105E70000843CA49091F08601023D4E900011840EB
:105E8000002158404940084315D1D4F89400B0F59A
:105E9000807F07D1022104F1280002F0B7FE08B18B
:105EA0004FF00108BD48006820F44070D4F8941009
:105EB0000843BA4908604FF40023D4E900011840B0
:105EC000002158404940084327D1D4F8A00030B100
:105ED000B0F5803F0AD0B0F5003F0FD10DE00021B2
:105EE00004F1080002F0E0FD054609E0022104F19A
:105EF000280002F08BFE054602E001E0012500BF0C
:105F000000BF4DB9A548006820F44030D4F8A01077
:105F10000843A249086000E0A8464FF48023D4E972
:105F20000001184000215840494008432DD1D4F8C1
:105F30008400B0F5801F06D0B0F5001F0CD0B0F57E
:105F4000401F11D10FE095482C38006840F4003014
:105F500092492C39086009E0012104F1280002F07F
:105F600055FE054602E001E0012500BF00BF5DB916
:105F70008A48001F006820F44010D4F884100843B9
:105F80008649091F086000E0A8464FF48032D4E932
:105F9000000110400021134658404940084325D1D4
:105FA000206D18B1B0F5803F10D108E07B482C3847
:105FB000006840F4003079492C39086008E002217B
:105FC00004F1080002F070FD054601E0012500BF64
:105FD00000BF55B971480C38006820F48030216D3D
:105FE00008436E490C39086000E0A8464FF00053A2
:105FF000D4E900101940002059404040014307D126
:10600000022104F1280002F001FE08B14FF001085E
:106010004FF40032D4E900011040002113465840EB
:106020004940084327D1E06FA0B1B0F5807F06D08A
:10603000B0F5007F0CD0B0F5407F0CD109E0574897
:106040002C38006840F4003054492C39086004E0D2
:1060500003E002E001E0012500BF00BF55B94F4851
:10606000001F006820F44070E16F08434B49091F8E
:10607000086000E0A8464FF48012D4E900101140F7
:106080000020134659404040014309D14348083895
:10609000006820F00040216F08434049083908603B
:1060A0004FF40013D4E90001184000215840494042
:1060B000084309D139480838006820F08070A16E83
:1060C00008433649083908604FF08043D4E900108E
:1060D0001940002059404040014311D100BF2F48D2
:1060E0004838006820F400402C49483908600846C8
:1060F0000068D4F8B410084328494839086000BF44
:106100004FF00042D4E900011040002113465840EE
:106110004940084309D121480C38006820F040501C
:10612000616D08431D490C3908604FF40002D4E941
:1061300000101140002013465940404001430AD14D
:106140001648001F006820F44000D4F88810084367
:106150001249091F0860012200216068104049406F
:106160005040014306D104F1080002F09DFC0546B1
:1061700005B1A84602220021606810404940504005
:10618000014307D1012104F1080002F08DFC05460E
:1061900005B1A84604230020616801E05844025874
:1061A0001940042240405140084307D1022104F124
:1061B000080002F079FC054605B1A8460823002036
:1061C00061681940082240405140084307D100212E
:1061D00004F1280002F01AFD054605B1A846102377
:1061E000002061681940102240405140084307D107
:1061F000012104F1280002F009FD054605B1A84679
:10620000202200216068104049405040014307D1DE
:10621000022104F1280002F0F9FC054605B1A84668
:10622000B8F1000F02D10020BDE8F0810120FBE7AA
:106230002DE9F04104460D4614B90120BDE8F08176
:10624000BD48006800F00F00A8420ED2BA480068AE
:1062500020F00F002843B84908600846006800F0A5
:106260000F00A84201D00120E8E7207800F00400E8
:1062700004280ED1B1492069096801F070018842F3
:1062800007D9AE48006820F0700021690843AB4987
:106290000860207800F00800082811D1A749091DDE
:1062A0006069096801F07001884209D9A348001D9E
:1062B000006820F0700061690843A049091D08606A
:1062C000207800F01000102811D19C49091DA06908
:1062D000096801F4E061884209D99848001D006806
:1062E00020F4E060A16908439449091D0860207802
:1062F00000F02000202811D190490831E069096898
:1063000001F07001884209D98C480830006820F0FB
:106310007000E1690843894908310860207800F07D
:10632000020002280ED18549E068096801F00F01DA
:10633000884207D98148006820F00F00E1680843CF
:106340007E490860207800F00100002850D07B488A
:10635000006820F47060A1680843784908606068AC
:10636000022807D1754818380068C0F34040F8B9D2
:10637000012063E76068032807D170481838006877
:10638000C0F34060A0B9012058E76068012807D138
:106390006A4818380068C0F3002048B901204DE76A
:1063A000664818380068C0F3800008B9012045E746
:1063B00062480838006820F00700616808435F49B8
:1063C00008390860FDF758FE064608E0FDF754FE60
:1063D000801B41F28831884201D903202EE75748BB
:1063E0000838006800F038006168B0EBC10FEDD1EB
:1063F000207800F0020002280ED15049E0680968B8
:1064000001F00F01884207D24C48006820F00F00CD
:10641000E1680843494908604748006800F00F00F8
:10642000A8420ED94448006820F00F002843424992
:1064300008600846006800F00F00A84201D0012063
:10644000FCE6207800F0040004280ED13B492069C6
:10645000096801F07001884207D23848006820F0CE
:1064600070002169084335490860207800F0080071
:10647000082811D13149091D6069096801F07001CE
:10648000884209D22D48001D006820F07000616923
:1064900008432A49091D0860207800F010001028E0
:1064A00011D12649091DA069096801F4E0618842FB
:1064B00009D22248001D006820F4E060A169084369
:1064C0001E49091D0860207800F02000202811D105
:1064D0001A490831E069096801F07001884209D25F
:1064E00016480830006820F07000E169084313493D
:1064F0000831086000F0ACF810490968C1F30321C5
:106500000F4A515C01F01F0120FA01F70B480068A7
:1065100000F00F001146085C00F01F0027FA00F0A1
:10652000084908600848076008480068FDF7E6FD6C
:106530008046404682E6000000200052184402587F
:1065400020F9000824000024200000241800002462
:106550003F220260174A126802F007024260154AA1
:106560000832126802F470628260124A08321268BD
:1065700002F00F02C2600F4A0832126802F0700285
:1065800002610C4A0C32126802F070024261094A40
:106590000C32126802F4E0628261064A103212681C
:1065A00002F07002C261044A126802F00F020A602F
:1065B00070470000104402580020005210B500F04F
:1065C00047F80D490968C1F303210C4A515C01F0F9
:1065D0001F0120FA01F40848006800F00F0011467E
:1065E000085C00F01F0024FA00F005490860054827
:1065F00004600846006810BD1844025820F90008DD
:10660000240000242000002400B5FFF7D7FF05492F
:106610000968C1F30211044A515C01F01F01C8402E
:1066200000BD00001C44025820F9000800B5FFF727
:10663000C5FF05490968C1F30221044A515C01F014
:106640001F01C84000BD00001C44025820F900088A
:10665000F0B5824E366806F0380636B1082E15D0F1
:10666000102E15D0182E7DD114E07C4E103E3668C9
:10667000C6F3401646B1794E103E3668C6F3C107E0
:10668000774E26FA07F000E07548E5E07548E3E04C
:106690007548E1E0714E1836366806F003046F4E17
:1066A00018363668C6F305116C4E1C36366806F08F
:1066B00001056A4E24363668C6F3CC0616FB05F68D
:1066C00001EE106AB8EE410A002971D024B1012C04
:1066D00050D0022C6DD16DE0604E103E3668C6F38E
:1066E00040163EB35D4E103E3668C6F3C1075C4EA1
:1066F00026FA07F301EE103AF8EE411A01EE101AED
:10670000B8EE411A81EE812A9FED581AC0EE011AA7
:10671000524E20363668C6F3080601EE106AB8EE0F
:10672000411A31EE811AF7EE001A31EE211A62EEAB
:10673000010A1EE001EE101AB8EE411ADFED4C1A04
:1067400081EE812A9FED491AC0EE011A434E203690
:106750003668C6F3080601EE106AB8EE411A31EE4B
:10676000811A00E076E0F7EE001A31EE211A62EEAF
:10677000010A5BE001EE101AB8EE411A9FED3D2AC6
:10678000C2EE011A9FED391A80EE012A334E2036EF
:106790003668C6F3080601EE106AB8EE411A32EE0A
:1067A000011AB7EE002A31EE021A61EE810A3DE0CD
:1067B0004EE01DE001EE101AB8EE411ADFED2E1A80
:1067C00081EE812A9FED291AC0EE011A234E203650
:1067D0003668C6F3080601EE106AB8EE411A31EECB
:1067E000811AF7EE001A31EE211A62EE010A1DE05D
:1067F00001EE101AB8EE411A9FED1E2AC2EE011AE0
:106800009FED1A1A80EE012A144E20363668C6F320
:10681000080601EE106AB8EE411A32EE011AB7EE20
:10682000002A31EE021A61EE810A00BF00BF0B4E52
:1068300020363668C6F34626721C01EE102AB8EEE2
:10684000411AC0EE811ABCEEE11A11EE100A00E006
:10685000002001E0034800BF00BFF0BD1044025813
:106860000090D00300093D0000366E010000004694
:106870000024744C0024744A001BB74B2DE9F047E8
:10688000044614B90120BDE8F087207800F001002B
:10689000002870D0F948006800F03808F748183030
:1068A000D0F80090B8F1100F06D0B8F1180F0FD142
:1068B00009F0030002280BD1F04810380068C0F33B
:1068C000404000286AD06068002867D10120DAE7DC
:1068D00000BF6068B0F5803F08D1E8481038006814
:1068E00040F48030E549103908602EE0606868B9EE
:1068F000E2481038006820F48030E0491039086020
:106900000846006820F4802008601EE06068B0F54A
:10691000A02F0DD1D9481038006840F48020D74905
:10692000103908600846006840F4803008600CE0C8
:10693000D2481038006820F48030D04910390860FF
:106940000846006820F48020086000BF606898B1A5
:10695000FDF792FB054606E0FDF78EFB401B642821
:1069600001D903208FE7C54810380068C0F34040C4
:106970000028F1D012E012E0FDF77EFB054606E0AC
:10698000FDF77AFB401B642801D903207BE7BB4855
:1069900010380068C0F340400028F1D100BF2078D3
:1069A00000F00200022879D1B448006800F03808ED
:1069B000B2481830D0F80090B8F1000F05D0B8F107
:1069C000180F35D109F0030088BBAC4810380068B7
:1069D000C0F3800018B1E06808B9012053E7A74868
:1069E0001038006820F01900E1680843A349103905
:1069F0000860FDF741FB054606E0FDF73DFB401B47
:106A0000022801D903203EE79C4810380068C0F3F3
:106A100080000028F1D099480C38006820F0FE4032
:106A2000217C40EA016095490C39086045E0FFE7A8
:106A3000E06838B391481038006820F01900E16828
:106A400008438E4910390860FDF716FB054606E03D
:106A5000FDF712FB401B022801D9032013E78748EA
:106A600010380068C0F380000028F1D083480C384B
:106A7000006820F0FE40217C40EA01607F490C392B
:106A800008601AE07D481038006820F001007B495A
:106A900010390860FDF7F0FA054607E00EE0FDF753
:106AA000EBFA401B022801D90320ECE673481038AA
:106AB0000068C0F380000028F1D100BF207800F00A
:106AC000100010286FD16D48006800F038086B483E
:106AD0001830D0F80090B8F1080F06D0B8F1180FB0
:106AE0001CD109F00300012818D16448103800684F
:106AF000C0F3002020B1E069802801D00120C2E667
:106B000000BF5E48001F006820F07C5094F8201001
:106B100040EA01605949091F086043E0E06938B361
:106B200056481038006840F0800054491039086019
:106B3000FDF7A2FA054606E0FDF79EFA401B022883
:106B400001D903209FE64D4810380068C0F30020AB
:106B50000028F1D000BF4948001F006820F07C5099
:106B600094F8201040EA01604449091F086019E0C8
:106B700042481038006820F0800040491039086011
:106B8000FDF77AFA054606E0FDF776FA401B022883
:106B900001D9032077E6394810380068C0F3002097
:106BA0000028F1D100BF207800F00800082836D175
:106BB0006069D0B131486430006840F001002F496D
:106BC00064310860FDF758FA054606E0FDF754FA0F
:106BD000401B022801D9032055E62848643000688C
:106BE000C0F340000028F1D019E024486430006868
:106BF00020F00100214964310860FDF73DFA0546A7
:106C000006E0FDF739FA401B022801D903203AE6D5
:106C10001A4864300068C0F340000028F1D12078A1
:106C200000F02000202838D1A069D0B113481038D6
:106C3000006840F48050114910390860FDF71CFAD3
:106C4000054606E0FDF718FA401B022801D903208B
:106C500019E60A4810380068C0F340300028F1D027
:106C60001BE006481038006820F4805003491039B2
:106C70000860FDF701FA054609E0000010440258DB
:106C8000FDF7FAF9401B022801D90320FBE5D048A3
:106C90000068C0F340300028F2D1207800F00400F2
:106CA00004287DD1CB48006840F48070C949086051
:106CB000FDF7E2F9054606E0FDF7DEF9401B642822
:106CC00001D90320DFE5C348006800F48070002884
:106CD000F2D000BFA068012808D1BD48703000681C
:106CE00040F00100BA49703108602DE0A06868B931
:106CF000B7487030006820F00100B5497031086075
:106D00000846006820F0040008601DE0A06805281F
:106D10000DD1AF487030006840F00400AC497031CC
:106D200008600846006840F0010008600CE0A848D0
:106D30007030006820F00100A549703108600846F5
:106D4000006820F00400086000BFA068A0B1FDF753
:106D500093F9054608E0FDF78FF9401B41F28831B1
:106D6000884201D903208EE5994870300068C0F34D
:106D700040000028EFD013E0FDF77EF9054608E05B
:106D8000FDF77AF9401B41F28831884201D903208E
:106D900079E58F4870300068C0F340000028EFD1DB
:106DA000606A00287DD08A481030006800F0380002
:106DB000182877D0606A022875D18548006820F0CD
:106DC000807083490860FDF757F9054606E0FDF736
:106DD00053F9401B022801D9032054E57C48006880
:106DE000C0F340600028F2D100BFD4E90A1041EAA4
:106DF000001077492831096840F2F3329143084383
:106E0000734928310860208E401EC0F30800616B72
:106E1000491E4FF47E4202EA41210843218F491E58
:106E2000D20102EA014108433C21095D491E1202D8
:106E300002EA0161084366493031086000BF081F5B
:106E4000006820F00100091F0860614834300068C4
:106E50004FF6F8718843A16C40EAC1005C493431B7
:106E600008605B482C30006820F00C00216C08435F
:106E700057492C3108600846006820F00200616C18
:106E8000084353492C3108600846006840F48030BC
:106E900008600846006840F4003008600846006852
:106EA00002E092E038E01FE040F4802008600846ED
:106EB000006840F0010008604548006840F08070BC
:106EC00043490860FDF7D8F8054606E0FDF7D4F819
:106ED000401B022801D90320D5E43D480068C0F3D7
:106EE00040600028F2D070E03948006820F08070DF
:106EF00037490860FDF7C0F8054606E0FDF7BCF825
:106F0000401B022801D90320BDE431480068C0F3CA
:106F100040600028F2D158E02D48283007682C48FE
:106F200030300668606A012821D007F00301A06AAA
:106F300081421CD1C7F30511E06A884217D1C6F31C
:106F40000801206B401E814211D1606B401EC6F3C8
:106F5000462188420BD1A06B401EC6F306418842F1
:106F600005D1E06B401EC6F30661884201D00120C6
:106F700089E4174834300068C0F3CC07A06CB842ED
:106F800023D013482C30006820F0010010492C3128
:106F90000860FDF771F8054600BFFDF76DF8401B6E
:106FA000FBD00B48343000684FF6F8718843A16C71
:106FB00040EAC10006493431086005482C300068B9
:106FC00040F0010002492C31086000205BE4000021
:106FD000004402580048025870477047704700004C
:106FE00030B502460B4600BF92F83C00012801D1A3
:106FF000022030BD012082F83C0000BF022082F850
:107000003D001068416810688468254D1068A842EA
:1070100003D0244D1068A84203D121F470015868B0
:10702000014321F0700118680143106841601C4D54
:107030001068A84223D01068B0F1804F1FD01A4DBD
:107040001068A8421BD0194D1068A84217D0184DDF
:107050001068A84213D0134D1068A8420FD0154DE8
:107060001068A8420BD0144D1068A84207D0134DE9
:107070001068A84203D0124D1068A84205D124F030
:1070800080049868044310688460012082F83D0001
:1070900000BF002082F83C0000BF00BFA9E700004D
:1070A00000000140000401400004004000080040CE
:1070B000000C0040001800400040014000E000408B
:1070C00000E4004010B504460CB9012010BD94F84E
:1070D0003D0028B9002084F83C00204600F02AF842
:1070E000022084F83D00211D206801F047FF0120A7
:1070F00084F8480000BF84F83E0001213F2001557C
:1071000040200155412001554220015543200155A1
:1071100000BF00BF012084F84400452001554620EF
:1071200001554720015500BF012084F83D00002093
:10713000CCE7000008B5094A016891420DD100BFB3
:107140000749096841F04001054A11601146096884
:1071500001F04001009100BF00BF08BD00180040D1
:10716000E8440258014691F83D00012801D0012071
:107170007047022081F83D000868C06840F00100B7
:107180000B68D860204B0868984223D00868B0F19B
:10719000804F1FD01D4B086898421BD01C4B0868BD
:1071A000984217D01B4B0868984213D01A4B0868B6
:1071B00098420FD0194B086898420BD0184B0868BA
:1071C000984207D0174B0868984203D0164B0868BE
:1071D000984210D108688068144B00EA0302062A1E
:1071E0000FD0B2F5803F0CD00868006840F0010075
:1071F0000B68186005E00868006840F001000B6843
:1072000018600020B4E700000000014000040040C6
:1072100000080040000C004000040140001800403D
:107220000040014000E0004000E400400700010091
:107230002DE9F04104460D46002700BF94F83C00BC
:10724000012802D10220BDE8F081012084F83C0031
:1072500000BF022084F83D00206886684048064050
:1072600026F47F46206886602868702826D00CDCCB
:1072700000F00F01002966D10011072863D2DFE872
:1072800000F0555657584B374100B0F1101F52D0FF
:1072900009DCB0F5805F10D0B0F5005F1BD0B0F511
:1072A000801F50D146E0A0F580102038002843D040
:1072B000102842D0202846D140E046E0D5E902130C
:1072C0006A68206801F0DFFE2068866846F077066D
:1072D0002068866039E0D5E902136A68206801F009
:1072E000D2FE2068806840F48040216888602CE0ED
:1072F000EA686968206802F091F85021206801F07E
:10730000CDFE22E0EA686968206802F09AF8602100
:10731000206801F0C3FE18E0EA686968206802F09E
:107320007DF84021206801F0B9FE0EE000BF00BFEB
:1073300000BF00BF00BF00BF00BF00BF29682068BA
:1073400001F0ACFE01E0012700BF00BF012084F87E
:107350003D0000BF002084F83C0000BF384672E7C3
:1073600088FFCEFF704770B504462068C668206865
:10737000056905F00200022819D106F00200022872
:1073800015D1401F2168086101202077206880699D
:1073900000F0030018B12046FFF7E4FF05E02046A7
:1073A00000F0DEF8204600F0CCF90020207705F050
:1073B0000400042819D106F00400042815D1C043A4
:1073C00021680861022020772068806900F44070FD
:1073D00018B12046FFF7C6FF05E0204600F0C0F8D0
:1073E000204600F0AEF90020207705F008000828BC
:1073F00019D106F00800082815D1C043216808619A
:10740000042020772068C06900F0030018B12046EE
:10741000FFF7A8FF05E0204600F0A2F8204600F0A4
:1074200090F90020207705F01000102819D106F0FF
:107430001000102815D1C04321680861082020776A
:107440002068C06900F4407018B12046FFF78AFF39
:1074500005E0204600F084F8204600F072F9002094
:10746000207705F0010048B106F0010030B16FF05F
:10747000010021680861204600F094FA05F08000C0
:10748000802804D005F40050B0F5005F0AD106F062
:107490008000802806D16FF40250216808612046E0
:1074A000FFF79BFD05F48070B0F5807F0AD106F0F0
:1074B0008000802806D16FF4807021680861204622
:1074C000FFF78AFD05F04000402809D106F0400092
:1074D000402805D1C04321680861204600F06EFABB
:1074E00005F02000202809D106F02000202805D131
:1074F000C043216808612046FFF770FD70BD0000A1
:1075000010B586B00446142101A8F9F7EDF8114929
:10751000206888421BD100BF0F48006840F002007D
:107520000D4908600846006800F00200009000BFA6
:1075300000BF4FF400400190022002900020039011
:1075400004900220059001A90448FCF79DFC06B0B8
:1075500010BD000000180040E0440258000402582A
:1075600070472DE9F04104460D461646002700BF3E
:1075700094F83C00012802D10220BDE8F0810120EE
:1075800084F83C0000BF0C2E51D005DC4EB1042E17
:107590001ED0082E7AD133E0102E60D0142EF9D1EF
:1075A00075E02946206801F085FD2068806940F07B
:1075B0000800216888612068806920F00400216843
:1075C000886120688069296908432168886178E0BA
:1075D0002946206801F0C4FD2068806940F40060FD
:1075E000216888612068806920F480602168886152
:1075F00020688069296940EA01202168886160E08B
:107600002946206801F006FE2068C06940F00800A5
:107610002168C8612068C06920F004002168C86141
:107620002068C069296908432168C86149E0294682
:10763000206801F049FE2068C06940F400602168BC
:10764000C8612068C06920F480602168C861206832
:10765000C069296940EA01202168C86131E02946F2
:10766000206801F06BFE2068406D40F00800216842
:1076700048652068406D20F0040021684865206856
:10768000406D29690843216848651AE017E02946DA
:10769000206801F08BFE2068406D40F40060216896
:1076A00048652068406D20F4806021684865206846
:1076B000406D296940EA01202168486501E0012701
:1076C00000BF00BF00BF002084F83C0000BF384668
:1076D00053E710B504460CB9012010BD94F83D00E5
:1076E00028B9002084F83C00204600F029F8022048
:1076F00084F83D00211D206801F040FC012084F841
:10770000480000BF84F83E0001213F200155402081
:10771000015541200155422001554320015500BF2C
:1077200000BF012084F84400452001554620015542
:107730004720015500BF012084F83D000020CCE720
:107740007047704770B504460D4615B994F83E0071
:1077500015E0042D02D13F20005D10E0082D02D17C
:107760004020005D0BE00C2D02D14120005D06E0C1
:10777000102D02D14220005D01E04320005D012870
:1077800001D0012070BD1DB9022084F83E001AE02E
:10779000042D03D102213F20015514E0082D03D10F
:1077A0000221402001550EE00C2D03D10221412081
:1077B000015508E0102D03D102214220015502E0BD
:1077C00002214320015501222946206801F04AFC8C
:1077D0002F49206888420FD02E49206888420BD05C
:1077E0002D492068884207D02C492068884203D060
:1077F0002B492068884201D1012000E0002028B1F7
:107800002068406C40F400402168486420492068AA
:10781000884223D02068B0F1804F1FD021492068D2
:1078200088421BD020492068884217D01F49206811
:10783000884213D01749206888420FD01C4920681D
:1078400088420BD014492068884207D01949206823
:10785000884203D018492068884210D12068806887
:10786000164900EA0106062E0FD0B6F5803F0CD06F
:107870002068006840F001002168086005E0206889
:10788000006840F001002168086000207AE70000ED
:10789000000001400004014000400140004401405C
:1078A000004801400004004000080040000C004077
:1078B0000018004000E0004000E400400700010024
:1078C00030B504460D4600222946206801F0CAFB67
:1078D0002F49206888420FD02E49206888420BD05B
:1078E0002D492068884207D02C492068884203D05F
:1078F0002B492068884201D1012000E0002090B18E
:1079000000BF2068006A41F21111084050B9206898
:10791000006A8910084028B92068406C20F40040B3
:107920002168486400BF00BF2068006A41F211115D
:10793000084050B92068006A8910084028B92068BA
:10794000006820F001002168086000BF1DB9012017
:1079500084F83E001AE0042D03D101213F20015597
:1079600014E0082D03D10121402001550EE00C2D1B
:1079700003D101214120015508E0102D03D101213F
:107980004220015502E0012143200155002030BD75
:10799000000001400004014000400140004401405B
:1079A0000048014010B5044603492068884201D1CF
:1079B000FCF768FB10BD0000001000407047014656
:1079C00000BF91F88400012801D1022070470120F6
:1079D00081F8840000BF2420C1F88800086802688C
:1079E0000868006820F001000B68186022F000525F
:1079F00000204866086802602020C1F8880000BFA7
:107A0000002081F8840000BF00BFDFE770477047A7
:107A100070B504460D4600BF94F88400012801D1DA
:107A2000022070BD012084F8840000BF2420C4F827
:107A30008800206806682068006820F0010021683E
:107A400008602068806820F06060284321688860B2
:107A5000204601F013FD206806602020C4F888004D
:107A600000BF002084F8840000BF00BFD9E770B5D4
:107A700004460D4600BF94F88400012801D102207D
:107A800070BD012084F8840000BF2420C4F8880061
:107A9000206806682068006820F0010021680860FE
:107AA0002068806820F06040284321688860204674
:107AB00001F0E4FC206806602020C4F8880000BFC4
:107AC000002084F8840000BF00BFD9E770477047EA
:107AD000704700002DE9F04704462068C56920681A
:107AE00006682068876840F60F0005EA0009B9F1CA
:107AF000000F0FD105F0200060B106F0200010B992
:107B000007F0805030B1606F10B12046616F884738
:107B1000BDE8F087B9F1000F7ED0F848384018B9B9
:107B2000F74830400028F7D005F0010058B106F4BE
:107B3000807040B1012021680862D4F8900040F0C4
:107B40000100C4F8900005F0020058B107F00100F0
:107B500040B1022021680862D4F8900040F004008F
:107B6000C4F8900005F0040058B107F0010040B1DE
:107B7000042021680862D4F8900040F00200C4F8A4
:107B8000900005F0080070B106F0200010B9DB4845
:107B9000384040B1082021680862D4F8900040F0D5
:107BA0000800C4F8900005F4006060B106F0806041
:107BB00048B14FF4006021680862D4F8900040F0AA
:107BC0002000C4F89000D4F89000002852D005F0AE
:107BD000200050B106F0200010B907F0805020B10D
:107BE000606F10B12046616F8847D4F890A020687C
:107BF000806800F04000402802D00AF0280070B3EE
:107C0000204601F0FBFD2068806800F0400040281D
:107C100026D100BF00BF00E02DE02168083151E807
:107C2000001F21F040002168083141E80002002ACD
:107C3000F1D100BFD4F8800068B1B248D4F8801008
:107C40000865D4F88000F9F75FFE98B1D4F8800099
:107C5000016D88470EE02046FFF73AFF0AE003E097
:107C60002046FFF735FF05E02046FFF731FF0020F3
:107C7000C4F890004CE7E06E01287DD105F01000BB
:107C8000002879D006F010000028FAD010202168D2
:107C900008622068806800F0400040286DD1D4F868
:107CA00080000068984988426BD0D4F88000006852
:107CB00095491831884264D0D4F880000068924910
:107CC000303188425DD0D4F8800000688E49483158
:107CD000884256D0D4F8800000688B4960318842D1
:107CE0004FD0D4F88000006887497831884248D066
:107CF000D4F88000006884499031884241D0D4F89B
:107D0000800000688049A83188423AD0D4F88000C9
:107D100000687E49884234D0D4F8800000687B49EE
:107D2000183188422DD0D4F880000068774930316E
:107D3000884226D0D4F880000068744948318842CF
:107D40001FD0D4F88000006870496031884218D094
:107D5000D4F8800000686D497831884211D0D4F899
:107D6000800000686949903188420AD0D4F88000C8
:107D700000686649A83102E0CAE07BE001E0884281
:107D800004D1D4F880000068406803E0D4F8800093
:107D9000006840681FFA80F8B8F1000F58D0B4F8B6
:107DA0005C00404554DDA4F85E80D4F88000C069D2
:107DB000B0F5807F40D000BF00BF216851E8001FB0
:107DC00021F48070226842E800010029F5D100BF4B
:107DD00000BF00BF2168083151E8001F21F00100F9
:107DE0002168083141E80002002AF3D100BF00BF3A
:107DF00000BF2168083151E8001F21F040002168D0
:107E0000083141E80002002AF3D100BF2020C4F865
:107E10008C000020E06600BF00BF216851E8001F11
:107E200021F01000226842E800010029F5D100BFCE
:107E3000D4F88000F9F7FAFA02202067B4F85C0061
:107E4000B4F85E20801A81B22046FFF7DFFD10E013
:107E5000B4F85C0040450CD1D4F88000C069B0F59E
:107E6000807F06D102202067B4F85C102046FFF71F
:107E7000CDFD4DE634F85C0F6188401A1FFA80F89A
:107E800060885C3CC8B3B8F1000F36D000BF00BFBB
:107E9000216851E8001F21F49070226842E8000137
:107EA0000029F5D100BF00BF00BF2168083151E8AB
:107EB000001F124AD24301EA02002168083141E85A
:107EC0000002002AF1D100BF2020C4F88C0000205D
:107ED000E066606700BF00BF216851E8001F21F025
:107EE0001000226842E800010029F5D100BF0220FD
:107EF000206741462046FFF789FD09E60100001092
:107F000020010004B796000810000240100402404F
:107F100005F4801050B107F4800038B14FF48010A0
:107F2000216808622046FFF7D2FDF1E505F08000E8
:107F300058B106F0800010B907F4000028B1A06F16
:107F400010B12046A16F8847E2E505F0400030B14E
:107F500006F0400018B1204601F086FCD8E505F493
:107F6000000030B106F0804018B12046FFF7AEFDAA
:107F7000CEE505F0807030B106F0004018B1204623
:107F8000FFF745FDC4E500BFC2E510B504460CB9D6
:107F9000012010BDA06900B100E000BFD4F8880046
:107FA00028B9002084F88400204600F02BF8242013
:107FB000C4F888002068006820F00100216808608B
:107FC000A06A10B1204601F085FA204601F084FC39
:107FD000012800D1DDE72068406820F49040216846
:107FE00048602068806820F02A0021688860206846
:107FF000006840F0010021680860204601F0E6FAC0
:10800000C7E7000010B5B6B00446142130A8F8F751
:108010006BFBB82102A8F8F767FB82492068884209
:1080200077D102210020CDE902101F9002A8FDF7B0
:108030009BFA08B1F8F743FF00BF7B48006840F4A3
:108040008010794908600846006800F480100190AB
:1080500000BF00BF00BF74480838006840F004004B
:108060007149083908600846006800F00400019072
:1080700000BF00BF00BF0846006840F0080008606D
:108080000846006800F00800019000BF00BF4FF4F0
:1080900080503090022031900020329033900820A0
:1080A000349030A96148FBF7EFFE042030900220A5
:1080B00031900020329033900820349030A95C48F1
:1080C000FBF7E2FE5B485C49086041204860002104
:1080D00059488160C1604FF48061016100214161B4
:1080E0008161C16101624162FAF756FB08B1F8F79C
:1080F000E6FE00BF5048C4F88000846300BF002241
:1081000005213520FCF776F83520FCF75FF887E08D
:10811000FFE74A4920688842F9D101210020CDE9D2
:108120000210209002A8FDF71FFA08B1F8F7C7FE69
:1081300000BF3D480830006840F010003A4908315F
:1081400008600846006800F01000019000BF00BF02
:1081500000BF35480838006840F00100324908394E
:1081600008600846006800F00100019000BF00BFF1
:108170004FF4C06030900220319000203290339054
:108180000720349030A92E48FBF77EFE2948483856
:108190002C4908602920486000212A488160C1607C
:1081A0004FF480610161002141618161C1614FF43F
:1081B0000031016200214162FAF7EEFA08B1F8F7E6
:1081C0007EFE00BF1F48C4F88000846300BF1948CA
:1081D00030381D4908602A20486040211A488160D3
:1081E0000021C1604FF48061016100214161816122
:1081F000C1614FF40031016200214162FAF7CCFA0B
:1082000008B1F8F75CFE00BF0F48E067846300BF69
:10821000002205212520FBF7EDFF2520FBF7D6FFE7
:1082200036B010BD00500040E84402580008025823
:10823000000C02587000024074200024001001401D
:1082400000000258EC2000246421002470B504468C
:108250000D461646D4F88C00202821D105B10EB960
:10826000012070BD0020E0660E492068884211D0D0
:108270002068406800F4000060B100BF00BF2168C2
:1082800051E8001F41F08060226842E800010029A7
:10829000F5D100BF32462946204601F031FEE0E725
:1082A0000220DEE7000C005810B504460648844260
:1082B00008D10649064805F061FF12220349024829
:1082C000FFF7C4FF10BD00004C1F0024FC6A00240F
:1082D0000E6B00247047704700BFFEE730B50B46B9
:1082E000002100BF16E00A24B4EB107F05D930242A
:1082F00004EB107403F8114005E0412404EB107402
:108300000A3C03F81140000100254C00641C1D5577
:108310004C1CE1B29142E6DB30BD000008B500BF65
:108320001248006840F001001049086008460068E3
:1083300000F00100009000BF00BF002205210C20CA
:10834000FBF758FF0C20FBF741FF002205210D2011
:10835000FBF750FF0D20FBF739FF002211460F20DD
:10836000FBF748FF0F20FBF731FF08BDD844025848
:1083700010B51D481D4908600020886000211B4879
:10838000C160017441748174032141610A218161DA
:108390001D21C1610A210162032141620A2181621A
:1083A0001D21C1620A210163002141631021816303
:1083B000C163016404214164202181640421C164FA
:1083C000022101650421416508218165C1652021E3
:1083D00001660021416604218166FBF765FA08B158
:1083E000F8F76DFD10BD000000A00040201D002426
:1083F00010B51E481E4908600020886000211C48F6
:10840000C160017441748174032141610A21816159
:108410001D21C1610A210162032141620A21816299
:108420001D21C1620A21016340F2563141631021CE
:1084300081630421C163102101640421416420216E
:1084400081640421C1640221016504214165082180
:108450008165C16520210166002141660421816694
:10846000FBF722FA08B1F8F72AFD10BD00A400407E
:10847000C01D002410B51D481D49086000208860FB
:1084800000211B48C1600174417481740321416162
:108490000A2181611D21C1610A210162032141621A
:1084A0000A2181621D21C1620A21016340F2AC618F
:1084B000416310218163C16301640421416420216F
:1084C00081640421C1640221016504214165082100
:1084D0008165C16520210166002141660421816614
:1084E000FBF7E2F908B1F8F7EAFC10BD00D4004050
:1084F000601E002410B50E4A00210E4804F096FFBD
:108500000D4908600D4A00210D4804F08FFF0D4908
:1085100008600D4A00210D4804F088FF0C490860EE
:108520000C4A00210C4804F081FF0C49086010BD82
:1085300004F80008838D00080000002428F80008D3
:108540008DCD0008040000244CF80008C1D10008BB
:108550000800002470F8000821E300080C00002443
:1085600008B500BF2048006840F080001E49086040
:108570000846006800F08000009000BF00BF00BF08
:108580000846006840F0020008600846006800F0F5
:108590000200009000BF00BF00BF0846006840F026
:1085A000080008600846006800F00800009000BF5E
:1085B00000BF00BF0846006840F0010008600846A0
:1085C000006800F00100009000BF00BF00BF084637
:1085D000006840F0040008600846006800F00400ED
:1085E000009000BF00BF08BDE044025800B58FB046
:1085F00000200B900C900D900E90089009900A901E
:108600001C2101A8F8F770F82148224908601720BA
:10861000486000211F48816040F2CF71C160002195
:10862000016180218161FEF74DFD08B1F8F747FC3B
:108630004FF480500B900BA91648FEF7F9FD08B1D6
:10864000F8F73DFC1348FFF744F808B1F8F737FC9A
:10865000002008900A9008A90E48FEF7C1FC08B156
:10866000F8F72DFC602001904FF47A700290002002
:1086700003900590042201A90648FEF772FF08B195
:10868000F8F71DFC0348FEF73BFF0FB000BD0000EC
:1086900000180040001F002410B51948194908604F
:1086A000194848604FF48051164881604900C16004
:1086B000C91001610C21416100218161C161016228
:1086C000416200200F4988620846FFF75EFC08B14E
:1086D000F8F7F5FB00210B48FFF7C9F908B1F8F7E7
:1086E000EEFB00210748FFF793F908B1F8F7E7FB25
:1086F0000448FFF764F908B1F8F7E1FB10BD00008A
:10870000005000404C1F0024A086010010B51848FE
:10871000184908604FF4E130486000211548816035
:10872000C16001610C21416100218161C16101626F
:10873000416200200F4988620846FFF726FC08B115
:10874000F8F7BDFB00210B48FFF791F908B1F8F7E6
:10875000B6FB00210748FFF75BF908B1F8F7AFFB5C
:108760000448FFF72CF908B1F8F7A9FB10BD000089
:1087700000100140E01F002410B501220E490F48EF
:1087800002F012FB08B1F8F79AFB0D490B4802F012
:1087900049FE08B1F8F793FB0A49084801F0F2FED8
:1087A00008B1F8F78CFB054802F03EFF08B1F8F776
:1087B00086FBFCF78DFC10BDA8000024A0790024E6
:1087C000300100240C01002400BFFEE700BFFEE7DB
:1087D00010B50248FBF741FF10BD0000BC8E00241D
:1087E0002DE9F04704460D4626683746D6F8408006
:1087F00007F5306000EB4510D0F808901048804530
:108800000BD909F40040B0F5004F06D14FF40041F8
:1088100007F5306000EB451081602046FCF7DEFB79
:108820000748804508D9A079012805D104F29C4267
:108830000121206803F0ACFB0020BDE8F0870000B8
:108840000A30544F2DE9F04705460C46D5F8009004
:108850004E46D9F840A006F5306000EB4410D0F841
:108860000880A879012855D108F0080008280FD100
:10887000434882450BD908F40040B0F5004F7BD146
:108880004FF4004106F5306000EB4410816073E066
:1088900008F02000202806D1202106F5306000EBEA
:1088A0004410816068E008F02800002864D1344852
:1088B00082450CD908F40040B0F5004F07D14FF4C1
:1088C000004106F5306000EB4410816054E004EB99
:1088D000C40105F5157000EB810706F5306000EB6B
:1088E0004410396A0069C0F31200081A786164B94B
:1088F000386930B905F29C420121286803F048FB31
:1089000003E07969F8680844F860E1B22846FBF7AB
:108910001BFD31E01B4882451BD108F40040B0F537
:10892000004F07D14FF4004106F5306000EB4410D2
:10893000816021E008F02000202805D1202106F5E3
:10894000306000EB44108160E1B22846FBF7FCFC8C
:1089500012E06CB904EBC40105F5157000EB810061
:10896000006928B905F29C420021286803F010FB39
:10897000E1B22846FBF7E8FC0020BDE8F0870000E4
:108980000A30544F0A31544F2DE9F84F07460E462E
:10899000D7F80090C84606EBC60107F1140000EBBB
:1089A0008104D4E90410884202D90120BDE8F88F7F
:1089B000D4E90401451AA068A84200D2A568E81CC1
:1089C0004FEA900A17E0D4E90401451AA068A842CA
:1089D00000D2A568E81C4FEA900AB879ABB2F2B2AF
:1089E00000904846E16803F09BFFE0682844E0609F
:1089F00060692844606108F5106000EB46108069EA
:108A000080B2504506D3D4E90410884202D22069CE
:108A10000028D8D1D4E9040188420ED806F00F010D
:108A2000012000FA01FB40F6340050F8080020EA6B
:108A30000B0040F6340141F808000020B6E70000C2
:108A400010B502EE903AF8EE622AC0ED052A02EE69
:108A5000902AF8EE622AC0ED042A017080ED010A26
:108A6000C0ED020A80ED031A80ED132ADFED0D2A16
:108A7000C0ED0E2AC0ED0D2AC0ED0C2ADFED092A4B
:108A8000C0ED082AC0ED0B2AC0ED0A2AC0ED092A64
:108A9000C0ED112AC0ED102AC0ED0F2AC0ED121A48
:108AA00010BD0000000000002DE9F04104460E4614
:108AB00000275548006800F00300032802D1012078
:108AC000BDE8F08150482838006820F080604E49A9
:108AD00028390860FBF7D0FA054606E0FBF7CCFA28
:108AE000401B022801D90320EAE7474828380068DC
:108AF000C0F3C0600028F1D100BF4348006820F4F3
:108B00007C30216840EA01303F490860A088401E5F
:108B1000C0F30800A168491E4FF47E4202EA4121D9
:108B20000843A189491ED20102EA01410843217C80
:108B3000491E120202EA01610843334910310860FC
:108B400000BF3148001D006820F0C0006169084383
:108B50002D49091D08600846006820F02000A16921
:108B600008432949091D08600846006820F01000E4
:108B700008602548143000684FF6F8718843E169B1
:108B800040EAC1002049143108601F48001D0068F8
:108B900040F010001C49091D08602EB90846006805
:108BA00040F40020086012E0012E08D11648001D94
:108BB000006840F480101449091D086007E012485D
:108BC000001D006840F400100F49091D08600E48A0
:108BD0002838006840F080600B4928390860FBF7AE
:108BE0004BFA054606E0FBF747FA401B022801D97D
:108BF000032065E7044828380068C0F3C0600028F7
:108C0000F1D038465CE70000284402582DE9F041D5
:108C100004460E4600275548006800F0030003286C
:108C200002D10120BDE8F08150482838006820F0CA
:108C300080504E4928390860FBF71EFA054606E0C9
:108C4000FBF71AFA401B022801D90320EAE747483C
:108C500028380068C0F340700028F1D100BF4348B5
:108C6000006820F07C70218840EA01503F4908608C
:108C7000A088401EC0F30800A168491E4FF47E4240
:108C800002EA41210843A189491ED20102EA0141B9
:108C90000843217C491E120202EA0161084333495C
:108CA0001831086000BF3148001D006820F44060A2
:108CB000616908432D49091D08600846006820F4D1
:108CC0000070A16908432949091D08600846006829
:108CD00020F48070086025481C3000684FF6F87159
:108CE0008843E16940EAC10020491C3108601F48FF
:108CF000001D006840F480701C49091D08602EB9F1
:108D00000846006840F48000086012E0012E08D197
:108D10001648001D006840F400001449091D086051
:108D200007E01248001D006840F080700F49091DDF
:108D300008600E482838006840F080500B492839F8
:108D40000860FBF799F9054606E0FBF795F9401B2B
:108D5000022801D9032065E7044828380068C0F3D9
:108D600040700028F1D038465CE7000028440258E3
:108D700030B501460A461378521C147843EA0420A1
:108D800030BDFFF7F9FC00BF012004F0D3FAFBE788
:108D900010B54FF0E020006906F0CEFA012801D0AE
:108DA00005F018FF10BD000000B59DB04C210AA8C9
:108DB000F7F79AFC202102A8F7F796FC0220FCF7AF
:108DC00057F900BF002001902448006820F440407B
:108DD000224908600846006800F44040019000BF46
:108DE00000BF00BF1D48006800F40050B0F5005FF0
:108DF000F8D121200A904FF480300B900120109080
:108E00000220139002211491159114211691012131
:108E100017910221189119910C211A9100211B918F
:108E20001C910AA8FDF72AFD08B1F8F748F83F2081
:108E300002900320039000200490059040200690AB
:108E400007900001089040200990032102A8FDF737
:108E5000EFF908B1F8F733F81DB000BD1848025813
:108E60003A48006840F470003849086038480068A3
:108E700000F00F00072806D23548006820F00F00E8
:108E8000C01D334908603348006840F00100314993
:108E9000086000202F49103108602E4800682E49D4
:108EA00008402C4908602A48006800F00F00072895
:108EB00006D92748006820F00F00C01D244908602B
:108EC0000020244918310860091D0860091D086048
:108ED00022482049283108602148091D086021489E
:108EE000091D08600020091D08601E48091D086052
:108EF0000020091D08601B48091D08600020091D8D
:108F000008601448006820F480201249086000209E
:108F10001049603108600F48D430006800F4805078
:108F200098B90C48D430006840F480500949D431D5
:108F3000086043F2D2000C4908600648D43000684B
:108F400020F480500349D4310860704788ED00E078
:108F500000200052004402587FEDF6EA00020202AF
:108F60000000FF01800201010040005210B50248DC
:108F7000FEF7F9F910BD0000DC21002410B50268ED
:108F80002E4B98420ED0B0F1804F0BD02C4B984214
:108F900008D02C4B984205D02B4B984202D02B4B3B
:108FA000984203D122F070024B681A43234B984237
:108FB0001DD0B0F1804F1AD0214B984217D0214BD1
:108FC000984214D0204B984211D0204B98420ED09A
:108FD0001F4B98420BD01F4B984208D01E4B984213
:108FE00005D01E4B984202D01D4B984203D122F46B
:108FF0004072CB681A4322F080034C6943EA0402B2
:109000008B68C3620B6883620C4B98420BD00F4B8A
:10901000984208D00E4B984205D00E4B984202D091
:109020000D4B984201D10B690363036843F00403BD
:10903000036001234361026010BD00000000014095
:109040000004004000080040000C00400004014003
:1090500000400140004401400048014000E0004061
:1090600000E4004030B501F01F05012404FA05F3C7
:10907000046A9C430462046A01F01F0502FA05F5C4
:109080002C43046230BD30B50C46816821F47F4129
:1090900042EA032525432943816030BD0A468168A1
:1090A000034B194042F007031943816070470000E9
:1090B0008FFFCFFF30B5026A056A25F00105056212
:1090C00043688469204D2C4024F003040D682C4330
:1090D00022F002028D682A431C4DA84200D10FE005
:1090E0001B4DA84200D10BE01A4DA84200D107E069
:1090F000194DA84200D103E0184DA84206D100BF87
:1091000022F00802CD682A4322F004020F4DA84243
:109110000BD00F4DA84208D00E4DA84205D00E4DE1
:10912000A84202D00D4DA84207D123F4807323F446
:1091300000734D692B438D692B43436084614D68F7
:109140004563026230BD00008FFFFEFF000001405A
:10915000000401400040014000440140004801403B
:1091600030B5026A056A25F0100505624368846916
:10917000224D2C4024F440740D6844EA052422F06A
:1091800020028D6842EA05121D4DA84200D10FE071
:109190001C4DA84200D10BE01B4DA84200D100BFDE
:1091A0001A4DA84200D100BF194DA84207D106E0D0
:1091B00022F08002CD6842EA051222F04002104DF2
:1091C000A8420BD00F4DA84208D00F4DA84205D0A1
:1091D0000E4DA84202D00E4DA84209D123F480635F
:1091E00023F400634D6943EA85038D6943EA8503EF
:1091F000436084614D688563026230BDFF8FFFFE6E
:1092000000000140000401400040014000440140D2
:109210000048014030B5026A056A25F48075056290
:109220004368C469224D2C4024F003040D682C438C
:1092300022F400728D6842EA05221E4DA84200D138
:109240000FE01D4DA84200D10BE01C4DA84200D1FB
:1092500000BF1B4DA84200D100BF1A4DA84207D144
:1092600006E022F40062CD6842EA052222F4806220
:10927000104DA8420BD0104DA84208D00F4DA84267
:1092800005D00F4DA84202D00E4DA84209D123F4BB
:10929000805323F400534D6943EA05138D6943EA73
:1092A00005134360C4614D68C563026230BD0000B0
:1092B0008FFFFEFF0000014000040140004001401C
:1092C000004401400048014030B5036A056A25F4B6
:1092D000805505624468C269124D2A4022F44072EA
:1092E0000D6842EA052223F400538D6843EA0533F2
:1092F0000D4DA8420BD00D4DA84208D00C4DA842F0
:1093000005D00C4DA84202D00B4DA84204D124F444
:1093100080444D6944EA85144460C2614D68056427
:10932000036230BDFF8FFFFE0000014000040140DA
:1093300000400140004401400048014030B5026A4D
:10934000056A25F4803505624368446D114D2C4053
:109350000D682C4322F400320D8942EA05420E4D7D
:10936000A8420BD00D4DA84208D00D4DA84205D003
:109370000C4DA84202D00C4DA84204D123F48033F6
:109380004D6943EA0523436044654D688565026283
:1093900030BD00008FFFFEFF0000014000040140CF
:1093A00000400140004401400048014030B5026ADD
:1093B000056A25F4801505624368446D114D2C4003
:1093C0000D6844EA052422F400120D8942EA055290
:1093D0000D4DA8420BD00D4DA84208D00C4DA8420F
:1093E00005D00C4DA84202D00B4DA84204D123F465
:1093F00080234D6943EA8523436044654D68C56514
:10940000026230BDFF8FFFFE0000014000040140FA
:1094100000400140004401400048014030B50B4687
:109420001446026A056A25F001050562816921F08A
:10943000F00141EA041122F00A021A43816102623A
:1094400030BD30B50B461446026A056A25F010059A
:109450000562816921F4704141EA043122F0A002E1
:1094600042EA03128161026230BD000010B5024879
:10947000FEF730FB10BD00004C1F002470B5456E98
:109480002DB90125A0F86A50A0F868501CE01023FF
:1094900010240568AD68C5F342610568AD686A0FC0
:1094A0000A4DAD5C15FB04F5094EB65C95FBF6F56F
:1094B000A0F86A50054D6D5C15FB03F5044E765C13
:1094C00095FBF6F5A0F8685070BD000010F9000893
:1094D00018F9000890F8281001F00801082907D1B0
:1094E0000168496821F40041826B114302685160B0
:1094F00090F8281001F0010139B10168496821F4A0
:109500000031C26A11430268516090F8281001F0DE
:109510000201022907D10168496821F48031026BF8
:1095200011430268516090F8281001F004010429E9
:1095300007D10168496821F48021426B1143026818
:10954000516090F8281001F01001102907D101682E
:10955000896821F48051C26B11430268916090F8D0
:10956000281001F02001202907D10168896821F421
:109570000051026C11430268916090F8281001F0CC
:109580004001402913D10168496821F48011426CDF
:10959000114302685160416CB1F5801F07D1016829
:1095A000496821F4C001826C11430268516090F84F
:1095B000281001F08001802907D10168496821F451
:1095C0000021C26C114302685160704738B50446EF
:1095D0000020C4F89000FAF74FFD054620680068A7
:1095E00000F00800082821D16FF07E402B460022B1
:1095F0004FF400110090204600F0E6FCB0B100BF2F
:1096000000BF216851E8001F21F08000226842E875
:1096100000010029F5D100BF2020C4F8880000BF58
:10962000002084F8840000BF032038BD2068006853
:1096300000F00400042830D16FF07E402B46002259
:109640004FF480010090204600F0BEFC28B300BF1C
:1096500000BF216851E8001F21F49070226842E8A1
:1096600000010029F5D100BF00BF00BF216808310B
:1096700051E8001F21F001002168083141E8000293
:10968000002AF3D100BF2020C4F88C0000BF0020C6
:1096900084F8840000BF0320C7E72020C4F88800B6
:1096A000C4F88C000020E066206700BF84F88400C6
:1096B00000BF00BFB9E770B50446A56B0020A5F850
:1096C0005E002846FEF704FA70BD2DE9F04105461C
:1096D000AC6BD4F88860D4F88C702068806800F097
:1096E0008000802807D1212E05D10020A4F8560043
:1096F000204600F0D1F82068806800F04000402843
:1097000007D1222F05D10020A4F85E00204600F0EA
:1097100075F8D4F8900040F01000C4F8900020468E
:10972000FEF7D6F9BDE8F08170B50546AC6BE86987
:10973000B0F5807F40D00020A4F85E0000BF00BFDD
:10974000216851E8001F21F48070226842E800017E
:109750000029F5D100BF00BF00BF2168083151E8E2
:10976000001F21F001002168083141E80002002AB1
:10977000F3D100BF00BF00BF2168083151E8001FCE
:1097800021F040002168083141E80002002AF3D1AD
:1097900000BF2020C4F88C00E06E01280CD100BF6F
:1097A00000BF216851E8001F21F01000226842E844
:1097B00000010029F5D100BF00202067E06E0128DC
:1097C00005D1B4F85C102046FEF720F902E02046EF
:1097D000FEF76AFD70BD70B50546AC6B01202067D1
:1097E000E06E012806D1B4F85C0041082046FEF77F
:1097F0000DF902E02046FEF76DFD70BD00BF00BF11
:10980000026852E8002F22F49071036843E80012C6
:10981000002AF5D100BF00BF00BF0268083252E83D
:10982000002F104B02EA03010268083242E80013DD
:10983000002BF2D100BFC16E01290CD100BF00BFC7
:10984000026852E8002F22F01001036843E800127A
:10985000002AF5D100BF2021C0F88C100021C1667C
:1098600041677047FEFFFFEF10B5044600BF00BF21
:10987000216851E8001F21F04000226842E8000101
:109880000029F5D100BF2020C4F888000020A0677F
:109890002046FEF720FD10BD00BF00BF026852E861
:1098A000002F22F0C001036843E80012002AF5D11E
:1098B00000BF00BF00BF0268083252E8002F22F448
:1098C00000010268083242E80013002BF3D100BF08
:1098D0002021C0F8881070472DE9F04F89B0054667
:1098E00000200890F8492868884200D100E000BFB5
:1098F0002969A868084369690843E96940EA0108D9
:1099000028680068F149084040EA080029680860B2
:109910002868406820F44050E96808432968486096
:10992000D5F81880E8492868884202D0286A40EAB9
:10993000080828688068E649084040EA0800296865
:1099400088602868C06A20F00F00696A08432968A7
:10995000C86200BFDF492868884220D1DE4800681D
:1099600000F03800182811D005DC48B1082809D0CB
:10997000102811D108E020280AD028280CD109E0AD
:1099800001240BE0042409E0082407E0102405E08A
:10999000202403E0402401E0802400BF42E1CF49BD
:1099A0002868884219D1CC48006800F007000628D2
:1099B00010D2DFE800F0030507090B0D00240BE0CF
:1099C000042409E0082407E0102405E0202403E033
:1099D000402401E0802400BF24E1C1492868884276
:1099E00019D1BD48006800F00700062810D2DFE852
:1099F00000F0030507090B0D00240BE0042409E027
:109A0000082407E0102405E0202403E0402401E0BE
:109A1000802400BF06E1B3492868884219D1AE48C6
:109A2000006800F00700062810D2DFE800F0030508
:109A300007090B0D00240BE0042409E0082407E0CB
:109A4000102405E0202403E0402401E0802400BF2E
:109A5000E8E0A5492868884219D19F48006800F0CD
:109A60000700062810D2DFE800F0030507090B0DF8
:109A700000240BE0042409E0082407E0102405E09A
:109A8000202403E0402401E0802400BFCAE097497D
:109A90002868884220D19048006800F038001828D3
:109AA00011D005DC48B1082809D0102811D108E0F0
:109AB00020280AD028280CD109E001240BE0042436
:109AC00009E0082407E0102405E0202403E04024F6
:109AD00001E0802400BFA5E085492868884219D1AB
:109AE0007D48006800F00700062810D2DFE800F08B
:109AF000030507090B0D00240BE0042409E00824EA
:109B000007E0102405E0202403E0402401E0802445
:109B100000BF87E077492868884219D16E480068FD
:109B200000F00700062810D2DFE800F0030507095F
:109B30000B0D00240BE0042409E0082407E01024A6
:109B400005E0202403E0402401E0802400BF69E018
:109B500069492868884220D15F48006800F03800D1
:109B6000182811D005DC48B1082809D0102811D1D7
:109B700008E020280AD028280CD109E001240BE0B5
:109B8000042409E0082407E0102405E0202403E071
:109B9000402401E0802400BF44E0584928688842FE
:109BA00020D14D48006800F03800182811D005DC9D
:109BB00048B1082809D0102811D108E020280AD07F
:109BC00028280CD109E001240BE0042409E0082432
:109BD00007E0102405E0202403E0402401E0802475
:109BE00000BF1FE03849286888421AD13A48001D52
:109BF000006800F00700062810D2DFE800F0030537
:109C000007090B0D02240BE0042409E0082407E0F7
:109C1000102405E0202403E0402401E0802400BF5C
:109C200000E0802400BF2849286888424BD1102CCE
:109C30001AD006DC022C09D0042C0BD0082C29D118
:109C40000DE0202C21D0402C24D120E0FBF74AFA53
:109C5000064623E005A8FBF757FA069E1EE002A879
:109C6000FBF76AFB039E19E01B4854380068C0F3F9
:109C7000401040B1184854380068C0F3C101204872
:109C800020FA01F600E01E4E08E01E4E06E04FF4FA
:109C9000004603E000260120089000BF00BF002E10
:109CA00010D01949686A31F81000B6FBF0F96868FD
:109CB00000EB4000484503D868680003484525D2BA
:109CC0000120089007E153E0000C0058F369FFCF32
:109CD000FFF4FF11001001405444025800440040BA
:109CE00000480040004C004000500040001401407B
:109CF00000780040007C004000180140001C01403A
:109D00000090D00300093D00F8F800087849686A1F
:109D100031F810C06246002330461946F6F7CCFBF6
:109D20004FF4807C00220346A3FB0C0B01FB0CB11B
:109D300003FB02136968490884461CEB010143EBED
:109D40000200CDE90010D5F804C0624600230846A1
:109D50000199F6F7B1FB0746B7F5407F05D3B7F594
:109D6000801F02D22868C760B5E001200890B2E0E9
:109D7000E869B0F5004F5BD1082C1AD005DC5CB166
:109D8000012C0DD0042C2DD10EE0102C16D0202C3F
:109D900023D0402C26D122E0FCF736FC064625E0F5
:109DA000FCF744FC064621E005A8FBF7ADF9069E4A
:109DB0001CE002A8FBF7C0FA039E17E04D480068BC
:109DC000C0F3401038B14B480068C0F3C1014A48A5
:109DD00020FA01F600E0484E08E0484E06E04FF455
:109DE000004603E000260120089000BF00BF7EB3BC
:109DF0003F49686A31F81000B6FBF0F0400069682E
:109E000000EB5100B0FBF1F7102F0ED3B7F5803FF8
:109E10000BD24FF6F07007EA000AC7F342004AEA95
:109E2000000A2868C0F80CA055E00120089052E014
:109E3000082C1BD005DC64B1012C0ED0042C2ED1D3
:109E40000FE0102C17D0202C24D0402C27D123E059
:109E500041E0FCF7D9FB064625E0FCF7E7FB0646A8
:109E600021E005A8FBF750F9069E1CE002A8FBF7CD
:109E700063FA039E17E01F480068C0F3401038B132
:109E80001C480068C0F3C1011B4820FA01F600E03D
:109E9000194E08E0194E06E04FF4004603E0002694
:109EA0000120089000BF00BFAEB11149686A31F8C7
:109EB0001000B6FBF0F0696800EB5100B0FBF1F761
:109EC000102F06D3B7F5803F03D2B8B22968C86017
:109ED00001E0012008900120A5F86A00A5F86800BB
:109EE00000206867A867089809B0BDE8F08F0000F7
:109EF000F8F80008004402580090D00300093D0023
:109F000070B504460E46154644F8586FA5800020EB
:109F1000A06322206063A06A583CF8B12748241D42
:109F2000E16FC8632648E16F08642648E16FC864A2
:109F30000020E16F086554F8043C03F12401626DD0
:109F4000E06F241F2B46F8F7B1FE38B11020C4F89B
:109F500090002020C4F88C00012070BD206960B101
:109F600000BF00BF216851E8001F41F480702268E3
:109F700042E800010029F5D100BF00BF00BF216801
:109F8000083151E8001F41F001002168083141E823
:109F90000002002AF3D100BF00BF00BF21680831D2
:109FA00051E8001F41F040002168083141E80002FB
:109FB000002AF3D100BF0020CFE700002997000856
:109FC000D7970008CB9600082DE9F04104460D46CE
:109FD00017469846069E41E0701C00283ED0FAF7CE
:109FE0004BF8A0EB0800B04200D816B90320BDE83A
:109FF000F0812068006800F0040070B3802D2DD03F
:10A00000402D2BD02068C069C0F3C00078B1082073
:10A01000216808622046FFF7F1FB0820C4F8900091
:10A0200000BF002084F8840000BF0120DFE7206823
:10A03000C069C0F3C02080B14FF40060216808629D
:10A040002046FFF7DBFB2020C4F8900000BF002073
:10A0500084F8840000BF0320C9E7FFE72068C069D7
:10A060002840A84201D1012000E00020B842B3D02E
:10A070000020BCE710B50248FDF72CFD10BD000024
:10A08000E01F00242DE9F04104460D46D4F8C872C3
:10A0900004F53070D4F8D41250F8210010B9032020
:10A0A000BDE8F08104F53070D4F8D41250F8216086
:10A0B00005F00F0000EB800104F1140000EB8100BB
:10A0C000406838B305F00F0000EB800104F1140084
:10A0D00000EB8100416805F00F0000EBC00207F1C2
:10A0E000140000EB82008068B1FBF0F200FB12105C
:10A0F00080B9002105F00F0000EB800204F114008C
:10A1000000EB8200416000231A462946204601F0F8
:10A1100056F917E00020C6F8140204F53170D4F89F
:10A12000D41250F82100006960B1D6F8080204F595
:10A130003171D4F8D42251F822102A460B6906F561
:10A14000047198470020ABE770B504460E4604F54D
:10A150003070D4F8D41250F82150D4F8D41250F8FA
:10A16000210008B9032070BD3146204600F07AFF77
:10A17000C5F80C02D5F8040204F53171D4F8D432D4
:10A1800051F82310CA6805F5037190470020EAE7EB
:10A1900070B504460D4630480178204600F034FE84
:10A1A00000212D48007800F00F0000EB800204F140
:10A1B000140000EB8200018228480178204600F05C
:10A1C00023FE00212548007800F00F0000EB8002FC
:10A1D00004F5AA7000EB8200018221480178204634
:10A1E00000F012FE00211E48007800F00F0000EB86
:10A1F000800204F1140000EB82000182184800780C
:10A2000000F00F0000EB800204F1140000EB82006C
:10A21000418204F53070D4F8D41250F82100C8B14E
:10A2200004F53171D4F8D42251F8221048688047DF
:10A2300004F53071D4F8D42251F8220001F0E8FB83
:10A24000002104F53070D4F8D42240F82210002008
:10A25000C4F8BC02002070BDAB010024AC01002496
:10A26000AD01002470B5044604F53070D4F8D41262
:10A2700050F821500DB9032070BD04F53170D4F8A9
:10A28000D41250F8210098B195F80002FF280FD0A1
:10A2900095F8012295F8000204F53171D4F8D462E2
:10A2A00051F826108B6829469847FF2085F8000250
:10A2B0000020E1E701460A200880014870470000BD
:10A2C000240100242DE9F041044682210D4800F0CC
:10A2D0002FFC054601210B4800F02AFC064681218F
:10A2E000084800F025FC07460DB11020A8710EB1FA
:10A2F0004020B0800FB14020B8804320208001482A
:10A30000BDE8F081680100242DE9F0410446822176
:10A310000E4800F00DFC054601210C4800F008FC39
:10A3200006468121094800F003FC07460DB11020C4
:10A33000A87116B14FF40070B08017B14FF40070DF
:10A34000B880432020800148BDE8F08168010024E6
:10A350002DE9F041044682210D4800F0E9FB054655
:10A3600001210B4800F0E4FB06468121084800F07B
:10A37000DFFB07460DB11020A8710EB14020B08060
:10A380000FB14020B880432020800148BDE8F08113
:10A390006801002470B504460E464FF4077001F0C2
:10A3A00039FB054645B9002104F53070D4F8D422B4
:10A3B00040F82210022070BD4FF407712846F6F7CE
:10A3C00093F904F53070D4F8D41240F82150D4F841
:10A3D000D41250F82100C4F8BC02207C98BB4FF482
:10A3E0000073022250480178204600F0E1FE01216E
:10A3F0004D48007800F00F0000EB800204F11400DB
:10A4000000EB820001824B0202224848017820467C
:10A4100000F0CEFE01214548007800F00F0000EB6F
:10A42000800204F5AA7000EB8200018210214048EE
:10A43000007800F00F0000EB800204F1140000EB44
:10A440008200418232E0FFE7402302223648017851
:10A45000204600F0ADFE01213348007800F00F00E7
:10A4600000EB800204F1140000EB82000182402323
:10A4700002222E480178204600F09AFE01212B4846
:10A48000007800F00F0000EB800204F5AA7000EBEA
:10A490008200018210212648007800F00F0000EBB6
:10A4A000800204F1140000EB8200418208230322A1
:10A4B0001F480178204600F07BFE01211C480078EF
:10A4C00000F00F0000EB800204F1140000EB8200AA
:10A4D00001820020C5F8040204F53171D4F8D422B9
:10A4E00051F82210086880470020C5F81402C5F80A
:10A4F0001802D5F8040208B902205CE7207C48B9AC
:10A500004FF40073094801782046D5F8042200F082
:10A5100067FE07E04023054801782046D5F804226D
:10A5200000F05EFE002046E7AB010024AC010024F1
:10A53000AD01002470B5044604F53070D4F8D4128F
:10A5400050F82150D4F8D41250F8210008B9032053
:10A5500070BD207C48B94FF400730948017820464B
:10A56000D5F8042200F03CFE07E0402304480178BF
:10A570002046D5F8042200F033FE0020E8E7000072
:10A58000AC010024024609B90320704702F531707E
:10A59000D2F8D43240F823100020F6E710B5024676
:10A5A00002F53070D2F8D44250F824300BB90320B1
:10A5B00010BDC3F804120020FAE730B503460C467C
:10A5C00003F53070D3F8D45250F8251009B90320A0
:10A5D00030BDC1F80842C1F810220020F8E72DE98B
:10A5E000FC4105460C4605F53070D5F8D41250F8FC
:10A5F0002160002001900090804616B90320BDE83C
:10A60000FC81207800F0600000283DD020287CD11B
:10A61000E08868B3207800F08000B8B1E288607804
:10A6200005F53171D5F8D4C251F82C108B6831463C
:10A630009847E088072801D9072000E0E08807460E
:10A640003A463146284600F011F91CE0607886F859
:10A650000002E088402801D2E08800E0402086F82F
:10A66000010296F801223146284600F0DEF80AE0A1
:10A67000607805F53171D5F8D42251F82210002206
:10A680008B682146984747E0607830B1012832D086
:10A690000A2813D00B282FD121E095F89C0203281B
:10A6A00005D102226946284600F0E0F805E021467F
:10A6B000284600F0AEF84FF0030824E095F89C021D
:10A6C000032805D1012201A9284600F0CFF805E0B2
:10A6D0002146284600F09DF84FF0030813E095F856
:10A6E0009C02032805D02146284600F092F84FF03E
:10A6F000030808E009E006E02146284600F089F852
:10A700004FF0030800BF00BF06E02146284600F0D6
:10A7100080F84FF0030800BF00BF40466FE700001D
:10A7200070B5054605F53070D5F8D41250F82140C3
:10A7300001260CB9032070BDD4F81402C8B9012059
:10A74000C4F814020C48007800F00F0000EB8002FF
:10A7500005F1140000EB8200D4F8101241600648A5
:10A7600001782846D4F81032D4F8082200F027FEE9
:10A7700000263046DFE70000AB01002470B5044638
:10A780000D460026D4F8B802294642682046904774
:10A7900000B10326304670BD70B504460D4694F8EE
:10A7A0009C02012804D0022803D003280CD101E028
:10A7B00000BF00BF6888012805D10020C4F8A402AA
:10A7C000204600F064F804E02946204600F021F815
:10A7D00000BF00BF70BD0246002070470246002047
:10A7E000704770B506460C4615462B46224600219A
:10A7F000304600F0F5FC002070BD70B506460C46F2
:10A8000015462B4622460021304600F0D8FD002098
:10A8100070BD70B504460D468021204600F09FFDB6
:10A820000021204600F09BFD70BD70B504460E4629
:10A8300015460320C4F894024FF4AC700551001D76
:10A8400005512B4632460021204600F0C9FC00206D
:10A8500070BD10B504460520C4F8940200231A46C2
:10A860001946204600F0BCFC002010BD70B504461F
:10A870000E4615460220C4F89402A561E5612B46F8
:10A8800032460021204600F09AFD002070BD10B530
:10A8900004460420C4F8940200231A4619462046B0
:10A8A00000F08DFD002010BD70B504460D46E8880F
:10A8B000012804D029462046FFF7ABFF1EE094F89C
:10A8C0009C02012804D0022803D0032810D109E0FB
:10A8D00000BF0020A060012204F108012046FFF71C
:10A8E000C5FF0AE00122211D2046FFF7BFFF04E05B
:10A8F00029462046FFF78DFF00BF00BF70BDF8B5A9
:10A9000004460E46002000900027002570880012A3
:10A91000062874D006DC01281BD0022821D0032889
:10A920006ED132E007286CD00F28F9D1D4F8B402E8
:10A93000C06938B1207CD4F8B412CA69694690471E
:10A94000074605E031462046FFF763FF681CC5B2A5
:10A95000CBE0207CD4F8B4120A68694690470746D9
:10A96000C3E0207C40B9D4F8B802816A68468847C1
:10A9700007460220787007E0D4F8B802C16A68463A
:10A980008847074602207870AFE0B07806287AD270
:10A99000DFE800F00316293F5265D4F8B40240689E
:10A9A00038B1207CD4F8B4124A686946904707460B
:10A9B00005E031462046FFF72CFF681CC5B269E070
:10A9C000D4F8B402806838B1207CD4F8B4128A6814
:10A9D00069469047074605E031462046FFF719FFD4
:10A9E000681CC5B256E0D4F8B402C06850B1207CEF
:10A9F000D4F8B412CA6869469047074608E04BE0AD
:10AA00006CE059E031462046FFF703FF681CC5B2F1
:10AA100040E0D4F8B402006938B1207CD4F8B41214
:10AA20000A6969469047074605E031462046FFF728
:10AA3000F0FE681CC5B22DE0D4F8B402406938B10C
:10AA4000207CD4F8B4124A6969469047074605E06D
:10AA500031462046FFF7DDFE681CC5B21AE0D4F887
:10AA6000B402806940B1207CD4F8B4128A69694686
:10AA70009047074606E006E031462046FFF7C9FE4C
:10AA8000681CC5B206E031462046FFF7C2FE681CCE
:10AA9000C5B200BF00BF28E0207C30B9D4F8B802AE
:10AAA000416B68468847074605E031462046FFF778
:10AAB000B0FE681CC5B218E0207C40B9D4F8B802DA
:10AAC000016B6846884707460720787005E03146E5
:10AAD0002046FFF79EFE681CC5B206E031462046C0
:10AAE000FFF797FE681CC5B200BF00BF05B1F8BDF7
:10AAF000F088C0B1BDF8000080B1F088BDF800104A
:10AB0000884202DDBDF8000000E0F0880090BDF84A
:10AB1000002039462046FFF7A9FE07E031462046CF
:10AB2000FFF777FE02E02046FFF7B1FE00BFDEE749
:10AB30002DE9F84105460F462C462E464FF00008F9
:10AB400070883178884218DD307800900FE06946CF
:10AB5000204600F020F804466078052807D1A0467A
:10AB600098F80200B84200D106E04FF00008708863
:10AB7000BDF800108842EADC00BF4046BDE8F8811D
:10AB8000014600200A4602E0431CD8B2521C13784A
:10AB9000002BF9D1704710B5024610460B88047897
:10ABA00023440B800378981810BD70B504460D46F9
:10ABB00094F89C02012804D0022803D003281AD15B
:10ABC00001E000BF00BFE888022804D029462046E3
:10ABD000FFF71FFE14E00120E060D4F8A40218B1D2
:10ABE000E06840F00200E060022204F10C0120461F
:10ABF000FFF73CFE04E029462046FFF70AFE00BFAF
:10AC000000BF70BD2DE9F04107460D469046002477
:10AC10000FB9BDE8F0813E463046FFF7B1FF022193
:10AC200001EB4000B0F5007F01D9080204E0304696
:10AC3000FFF7A6FF4000801CA8F8000098F800006D
:10AC40002855601CC4B203202855601CC4B208E01B
:10AC500030782855761C601CC4B200202855601C32
:10AC6000C4B230780028F3D100BFD2E701460020FB
:10AC700031B1012906D0022906D0032908D105E007
:10AC8000002007E0032005E0012003E0032001E0AD
:10AC9000032000BF00BF704770B505460C462DB9B4
:10ACA0002246064906A0FFF7ADFF04E0224603490D
:10ACB00003A0FFF7A7FF014870BD00007C7C0024C3
:10ACC00043444320436F6E666967000002461220CA
:10ACD0000880014870470000C800002470B5054690
:10ACE0000C462DB92246064906A0FFF78BFF04E06B
:10ACF0002246034903A0FFF785FF014870BD00000D
:10AD00007C7C002443444320496E74657266616311
:10AD100065000000024604200880014870470000DA
:10AD2000E800002470B505460C462246024903A0FF
:10AD3000FFF768FF004870BD7C7C002453544D69C8
:10AD400063726F656C656374726F6E696373000024
:10AD500070B505460C462DB92246064906A0FFF7F8
:10AD600051FF04E02246034903A0FFF74BFF0148CF
:10AD700070BD00007C7C002453544D333220566952
:10AD8000727475616C20436F6D506F7274000000B7
:10AD900070B505460C461A202080F6F72DFB0148B9
:10ADA00070BD0000EC0000242DE9F04104460D4682
:10ADB000164614B90320BDE8F0810020C4F8B8029B
:10ADC000C4F8C402C4F8D0020DB1C4F8B4520120D2
:10ADD00084F89C022670204600F04EF9074638465B
:10ADE000E9E72DE9F04104460D46002600272946F3
:10ADF000D4F8C802F9F715FB06463046FFF736FFD0
:10AE000007463846BDE8F0812DE9F04104460D467D
:10AE1000002600272946D4F8C802F9F7CDFA0646DD
:10AE20003046FFF723FF07463846BDE8F0812DE99D
:10AE3000F04704460F469146002F56D104F1140501
:10AE4000D4F89402022846D1D5E9020188420FD9EC
:10AE5000D5E90201401AA86049462046AA68FFF7D2
:10AE6000CCFC00231A461946204600F0B9F932E01E
:10AE7000D5E90210884217D1E9686868884213D37F
:10AE80006868D4F8981288420ED2002211462046F3
:10AE9000FFF7B3FC0020C4F8980200231A461946B5
:10AEA000204600F09DF916E094F89C0203280BD18F
:10AEB000D4F8B802C06838B10020C4F8D402D4F87D
:10AEC000B802C168204688478021204600F047FA32
:10AED0002046FFF7BEFC94F8A00250B3204600F0D5
:10AEE000C5FA002084F8A00223E047F08001204644
:10AEF000FFF771FC0646FF2E1BD0D6B994F89C02D2
:10AF0000032816D104F52E7050F82600406980B150
:10AF1000C4F8D46204F52E7050F826003946426910
:10AF2000204690478046B8F1000F02D04046BDE869
:10AF3000F0870020FBE72DE9F04705460F469046D5
:10AF40004FF00009002F51D105F5AA76D5F89402EB
:10AF500003286FD1D6E90201884210D9D6E902014F
:10AF6000401AB060D6E90201884201D2B06800E020
:10AF7000F068024641462846FFF733FC5AE095F850
:10AF8000AA0200F01F0020B1012804D0022812D12B
:10AF900009E0002411E040F2AE20415D2846FFF7B1
:10AFA0001DFC044609E040F2AE20415D2846FFF753
:10AFB00012FC044601E0002400BF00BF94B995F8DC
:10AFC0009C0203280ED105F52E7050F8240000696C
:10AFD00040B1C5F8D44205F52E7050F8240001693F
:10AFE000284688472846FFF752FC23E007F07F01F8
:10AFF0002846FFF7F0FB0446FF2C1BD0D4B995F888
:10B000009C02032810D105F52E7050F824008069A9
:10B0100050B1C5F8D44205F52E7050F824003946D9
:10B020008269284690478146B9F1000F02D0484610
:10B03000BDE8F0870020FBE701460020704770B5AF
:10B0400004460025012084F89C02D4F8B80238B1E7
:10B050002179D4F8B80242682046904700B1032510
:10B06000284670BD70B504460D462946D4F8C8027E
:10B07000F9F715FA70BD000010B5044620780128D4
:10B080002CD11748C0F8E044C4F8C8021548144948
:10B0900008600920087102211148C17100218171E5
:10B0A0000221417200218172C17201738173C173E7
:10B0B0000174F9F76BFE08B1F5F701FF4FF4007169
:10B0C0000748F9F7FEF8802200210548F9F7FEF855
:10B0D0004FF4BA7201210248F9F7F8F8002010BDC8
:10B0E000BC8E00240000044010B50246D2F8C832DD
:10B0F00001F08000802809D101F07F0000EBC0043E
:10B1000003F1140000EB8400807810BD01F07F0093
:10B1100000EBC00403F5157000EB84008078F4E7C1
:10B1200070B504460D4604F52E70D4F8D41250F8CC
:10B13000210008B9032070BD94F89C02032811D1A6
:10B1400004F52E70D4F8D41250F82100006A48B1EA
:10B1500004F52E70D4F8D41250F821002946026A62
:10B16000204690470020E6E770B504460D4604F5FA
:10B170002E70D4F8D41250F8210008B9032070BD05
:10B1800094F89C02032811D104F52E70D4F8D4123F
:10B1900050F82100406A48B104F52E70D4F8D4125A
:10B1A00050F821002946426A204690470020E6E7F1
:10B1B0002DE9F04704460F4615461E464FF000089D
:10B1C000C1462B4632463946D4F8C802F9F772F91F
:10B1D00080464046FFF74AFD81464846BDE8F08775
:10B1E0002DE9F04704460D4616461F464FF000086D
:10B1F000C1463B4632462946D4F8C802F9F7A1F9C0
:10B2000080464046FFF732FD81464846BDE8F0875C
:10B2100070B504460025012084F89C020020C4F883
:10B2200094026060C4F8A40284F8A002D4F8B802C2
:10B2300058B1D4F8B802406838B12179D4F8B802CE
:10B2400042682046904700B1032540230022114662
:10B250002046FFF7ADFF01214FF4B27001534021AA
:10B26000001F01514023002280212046FFF7A0FF4C
:10B270000121A18440212162284670BD014691F838
:10B280009C02042803D191F89D0281F89C020020C1
:10B29000704710B5044694F89C0203280BD1D4F8EB
:10B2A000B80240B1D4F8B802C06920B1D4F8B802ED
:10B2B000C16920468847002010BD02461174002055
:10B2C00070472DE9F04104460D4600260027294627
:10B2D000D4F8C802F9F768FE06463046FFF7C6FC08
:10B2E00007463846BDE8F08170B504460D4629464C
:10B2F00004F2AA2000F07BF80120C4F894024FF475
:10B300002C70005BC4F8980294F8AA0200F01F00A9
:10B3100020B1012809D0022815D10DE004F2AA219C
:10B32000204600F087F9064616E004F2AA212046DE
:10B3300000F017FB06460FE004F2AA21204600F0B9
:10B34000D0F9064608E094F8AA0200F080012046F1
:10B3500000F005F8064600BF00BF304670BD2DE97D
:10B36000F04104460D46002600272946D4F8C802BD
:10B37000F9F70AF906463046FFF778FC07463846E3
:10B38000BDE8F08170B5044600250026D4F8C80257
:10B39000F9F72DFE05462846FFF768FC06463046BD
:10B3A00070BD014691F89C02042803D091F89C02DC
:10B3B00081F89D02042081F89C02002070472DE94D
:10B3C000F04704460D4616461F464FF00008C1469A
:10B3D0003B4632462946D4F8C802F9F71AF98046A6
:10B3E0004046FFF743FC81464846BDE8F08770B50C
:10B3F00005460E46344620782870641C2078687014
:10B40000641C2046FDF7B4FC6880641C641C204664
:10B41000FDF7AEFCA880641C641C2046FDF7A8FC68
:10B42000E88070BD38B504460D46002000900DB987
:10B43000032038BDC4F8B85204F52E70D4F8D412E5
:10B4400050F82100C06A50B104F52E70D4F8D4220F
:10B4500050F82200C16A68468847C4F8D002D4F880
:10B46000D802401CC4F8D8020020E2E701460020C0
:10B47000704770B504460D46A88810BBE88800BB2D
:10B48000688880281DD2A87800F07F0694F89C0276
:10B49000032804D129462046FFF7BBF915E084F8BC
:10B4A0009E6231462046FFF70CFF2046FFF7EFF97A
:10B4B0001EB1022084F89C0207E0012084F89C025F
:10B4C00003E029462046FFF7A4F970BD70B5044695
:10B4D0000D460026D4F8B80230B1D4F8B802294697
:10B4E0000268204690470646304670BD70B5044657
:10B4F0000E460025B0783D490870084600780128BE
:10B5000005D931462046FFF784F9032070BD94F831
:10B510009C02022802D0032859D11FE0334800784A
:10B52000C0B1324800786060304801782046FFF7AB
:10B53000CDFF05463DB131462046FFF76AF90220AE
:10B5400084F89C0209E02046FFF7A1F9032084F863
:10B550009C0202E02046FFF79AF943E02348007876
:10B5600070B9022084F89C022048007860601F486F
:10B5700001782046FFF702F92046FFF788F925E019
:10B580001A490978606888421DD021792046FFF762
:10B59000F5F8164800786060144801782046FFF7F7
:10B5A00095FF05465DB131462046FFF732F9217916
:10B5B0002046FFF7E3F8022084F89C0206E02046CC
:10B5C000FFF765F902E02046FFF761F90AE031462E
:10B5D0002046FFF71EF9054801782046FFF7CEF810
:10B5E000032500BF00BF284690E70000200100248B
:10B5F00070B505460C466088012805D1C5F8A4023F
:10B600002846FFF744F90EE06088022807D1A08899
:10B61000001285F8A0022846FFF739F903E0214619
:10B620002846FFF7F6F870BD10B504462046FFF730
:10B63000A9FE10BD70B504460D460026287800F01E
:10B64000600088B1202802D0402842D100E000BF2D
:10B6500004F52E70D4F8D41250F8210029468268DF
:10B6600020469047064639E068780A282AD2DFE863
:10B6700000F01A24291F290A0529150F29462046FA
:10B68000FFF73DF923E029462046FFF7F2FE1EE0D2
:10B6900029462046FFF72AFF064618E0294620469D
:10B6A000FFF702F913E029462046FFF77EFA0EE085
:10B6B00029462046FFF79CFF09E029462046FFF770
:10B6C0006BF804E029462046FFF7A3F800BF00BF4F
:10B6D00004E029462046FFF79CF800BF00BF304633
:10B6E00070BD2DE9F04705460F464FF000093C7943
:10B6F000387800F06000F8B1202802D040287DD1D1
:10B7000000E000BF21462846FFF765F80646FF2EF9
:10B7100011D086B9C5F8D46205F52E7050F8260010
:10B72000806840B105F52E7050F8260039468268D1
:10B7300028469047814610E1787800287AD0012881
:10B740002FD003286ED195F89C02022802D003283E
:10B7500020D110E054B1802C08D021462846FFF7B4
:10B76000FEFD80212846FFF7FAFD03E03946284612
:10B77000FFF74FF813E0788840B93CB1802C05D032
:10B78000F88818B921462846FFF7E9FD2846FFF753
:10B790007EF804E039462846FFF73BF800BF00BFBB
:10B7A000D4E095F89C02022802D003283BD110E097
:10B7B00054B1802C08D021462846FFF7D0FD8021C7
:10B7C0002846FFF7CCFD03E039462846FFF721F86D
:10B7D0002EE0788820BB04F07F0018B1214628466F
:10B7E000FFF7FFFA2846FFF752F821462846FEF7F2
:10B7F000F2FF0646FF2E13D096B900E0A8E0C5F888
:10B80000D46205F52E7050F82600806840B105F529
:10B810002E7050F8260039468268284690478146A7
:10B8200006E007E08DE039462846FEF7F2FF00BF4C
:10B8300000BF8BE095F89C02022802D0032879D142
:10B8400026E034B1802C04D039462846FEF7E1FFCB
:10B8500075E004F08000802808D104F07F0000EB40
:10B86000800105F1140000EB810007E004F07F0087
:10B8700000EB800105F5AA7000EB810080460020F6
:10B88000C8F80000022241462846FEF7EFFF56E0C6
:10B8900004F0800080280ED104F00F0000EB80013E
:10B8A00005F1140000EB8100008A98B9394628465A
:10B8B000FEF7AFFF43E004F00F0000EB800105F559
:10B8C000AA7000EB8100008A20B939462846FEF7AD
:10B8D000A0FF34E004F08000802808D104F07F004D
:10B8E00000EB800105F1140000EB810007E004F09B
:10B8F0007F0000EB800105F5AA7000EB8100804617
:10B900000CB1802C03D10020C8F800000CE02146C7
:10B910002846FFF7E9FB20B10120C8F8000003E04A
:10B9200008E00020C8F80000022241462846FEF741
:10B930009DFF04E039462846FEF76BFF00BF00BFBD
:10B9400004E039462846FEF764FF00BF00BF04E06C
:10B9500039462846FEF75DFF00BF00BF4846BDE8F8
:10B96000F0872DE9F04105460E460027307800F0BB
:10B97000600030B1202802D0402840D100E000BF54
:10B9800000BF95F89C02012804D0022803D00328A8
:10B990002ED101E000BF00BF3079012823D83179D2
:10B9A0002846FEF71BFF0446FF2C14D09CB905F572
:10B9B0002E7050F82400806858B1C5F8D44205F5BF
:10B9C0002E7050F82400314682682846904707467A
:10B9D00002E0032700E00327F08840B93FB928467A
:10B9E000FEF755FF03E031462846FEF712FF04E05C
:10B9F00031462846FEF70DFF00BF00BF04E0314688
:10BA00002846FEF706FF00BF00BF3846BDE8F081BC
:10BA1000704700000146014870470000A0930024D1
:10BA200070B504460B4622461978587801282CD167
:10BA300040F61C0080581D7805F00F060125B54022
:10BA4000ADB2284340F61C05A85002F5106000EB8B
:10BA50004110006800F40040F0BB1889C0F30A00F0
:10BA60001D7940EA854040EA815040F0805040F422
:10BA7000004002F5106505EB41152D68284302F5DD
:10BA8000106505EB411528602DE040F61C0080583C
:10BA90001D7805F00F060125B540144E06EA054550
:10BAA000284340F61C05A85002F5306000EB411019
:10BAB000006800F4004078B91889C0F30A001D79C5
:10BAC00040EA854040F0805040F4004002F5306587
:10BAD00005EB41152D6800E005E0284302F53065CF
:10BAE00005EB41152860002070BD00000000FFFF3D
:10BAF00001460A464FF410608058C30ADB024FF437
:10BB00001060835040F60400805840F4807340F683
:10BB100004008350002070470FB470B504469DF8B0
:10BB20001900012818D1A06B20F48030A063E068D0
:10BB30001F490840E060E06820F44010E0609DF894
:10BB40002000012803D1E06840F48010E060204626
:10BB500000F032F8054613E0E06840F04000E06095
:10BB6000204600F029F805469DF81D0020B9A06B7D
:10BB700040F48030A06303E0A06B20F48030A06329
:10BB80009DF8160001280ED1E06D80B2E065E06DF1
:10BB900008490843E065A06840F00600A060A0687E
:10BBA00040F02000A060284670BC5DF814FB000047
:10BBB000BFFFBDFF0000EE0308B501460020009066
:10BBC00000BF0098401C00900098B0F1706F01D940
:10BBD000032008BD086900F000400028F1D00020D3
:10BBE0000090086940F00100086100BF0098401C07
:10BBF00000900098B0F1706F01D90320E9E708695F
:10BC000000F001000028F1D100BFE2E770B5044662
:10BC10000B46224619785878012848D102F5106061
:10BC200000EB4110006800F00040B0F1004F17D168
:10BC300002F5106000EB4110006840F0006502F56D
:10BC4000106000EB4110056002F5106000EB411040
:10BC5000006840F0804502F5106000EB411005607F
:10BC600040F63C0080581D7805F00F060125B540D0
:10BC7000ADB2A84340F63C05A85040F61C008058E1
:10BC80001D7805F00F060125B540ADB2A84340F67A
:10BC90001C05A85002F5106000EB411000682B4D08
:10BCA000284002F5106505EB411528604BE002F5D0
:10BCB000306000EB4110006800F00040B0F1004F30
:10BCC00017D102F5306000EB4110006840F00065CC
:10BCD00002F5306000EB4110056002F5306000EBCA
:10BCE0004110006840F0804502F5306000EB4110E3
:10BCF000056040F63C0080581D7805F00F060125D0
:10BD0000B540134E06EA0545A84340F63C05A85049
:10BD100040F61C008558187800F00F060120B0404E
:10BD20000B4E06EA0040854340F61C00855002F5A4
:10BD3000306000EB41100068064D284002F5306588
:10BD400005EB41152860002070BD0000007833EC41
:10BD50000000FFFF0078F3EF01460A46D2F8000E1C
:10BD600020F00300C2F8000E40F60400805820F0D6
:10BD7000020340F6040083500020704701460A4643
:10BD8000D2F8000E20F00300C2F8000E40F60400C6
:10BD9000805840F0020340F60400835000207047B2
:10BDA0000FB4F0B5054600272E46002405E000211B
:10BDB00005F5827040F82410641C0F2CF7D39DF811
:10BDC0002200A0B940F60400805940F0020140F67C
:10BDD00004008151A86B20F40010A863286840F08B
:10BDE00040002860286840F08000286003E0A86BCD
:10BDF00040F40010A8630020C6F8000E9DF81D0056
:10BE000001280CD19DF81B0020B90021284600F024
:10BE10000AFD08E00121284600F005FD03E00321AA
:10BE2000284600F000FD1021284600F002FC00B179
:10BE30000127284600F0D5FB00B1012700214FF46F
:10BE400001608151001D815140F61C008151002488
:10BE50002EE006F5106000EB4410006800F0004092
:10BE6000B0F1004F10D13CB94FF0006106F5106001
:10BE700000EB441001600DE04FF0904106F51060BA
:10BE800000EB4410016005E0002106F5106000EBB6
:10BE900044100160002106F5106000EB44100161C0
:10BEA0004FF67F3106F5106000EB44108160641C92
:10BEB0009DF81800A042CCD800242EE006F5306092
:10BEC00000EB4410006800F00040B0F1004F10D1CA
:10BED0003CB94FF0006106F5306000EB44100160A2
:10BEE0000DE04FF0904106F5306000EB441001602A
:10BEF00005E0002106F5306000EB441001600021F0
:10BF000006F5306000EB441001614FF67F3106F515
:10BF1000306000EB44108160641C9DF81800A04262
:10BF2000CCD84FF40160805920F480714FF4016047
:10BF300081510020A8616FF0804068619DF81A006F
:10BF400018B9A86940F01000A861A8690A49084317
:10BF5000A8619DF81E0018B1A86940F00800A8610A
:10BF60009DF82200012803D1A86904490843A8616B
:10BF70003846F0BC5DF814FB00383C8004000040FB
:10BF80000146886820F001008860002070470000AA
:10BF900070B503460C4619461D6C1848854209D9F0
:10BFA0004FF43060405800F00040B0F1004F01D134
:10BFB000002070BD0026C1F8106BD1F8100B40F4C2
:10BFC0000026C1F8106BD1F8100B40F01806C1F82C
:10BFD000106BD1F8100B40F0C046C1F8106B012C6B
:10BFE00009D1C1F8142B4FF43060405840F080263E
:10BFF0004FF4306046500020DBE700000A30544F19
:10C0000030B504460B4622461978587801281ED1CF
:10C0100002F5106000EB4110006820F4001502F5F5
:10C02000106000EB411005601879032802D01879E0
:10C0300002282AD102F5106000EB4110006840F0A0
:10C04000805502F5106000EB411005601DE002F51F
:10C05000306000EB4110006820F4001502F53060FC
:10C0600000EB411005601879032802D018790228E6
:10C070000BD102F5306000EB4110006840F08055B4
:10C0800002F5306000EB41100560002030BD30B596
:10C0900004460B46224619785878012821D102F52A
:10C0A000106000EB4110006800F0004060B959B129
:10C0B00002F5106000EB4110006820F0804502F5A9
:10C0C000106000EB4110056002F5106000EB4110BC
:10C0D000006840F4001502F5106000EB41100560A7
:10C0E00020E002F5306000EB4110006800F00040F5
:10C0F00060B959B102F5306000EB4110006820F0E2
:10C10000804502F5306000EB4110056002F53060BB
:10C1100000EB4110006840F4001502F5306000EBC0
:10C1200041100560002030BD2DE9F84381460E46E0
:10C1300090464D463478707801287DD1306920BB17
:10C1400005F5106000EB44100069E649084005F56C
:10C15000106101EB4411086105F5106000EB44101B
:10C16000006940F4002105F5106000EB4410016106
:10C1700005F5106000EB44100069C10CC90405F519
:10C18000106000EB441001616FE005F5106000EBFA
:10C1900044100069C10CC90405F5106000EB44109F
:10C1A000016105F5106000EB44100069CD490840BD
:10C1B00005F5106101EB4411086194B9B16830696B
:10C1C000884201D9B068306105F5106000EB441079
:10C1D000006940F4002105F5106000EB4410016196
:10C1E00035E0B16830690844401EB0FBF1F087B219
:10C1F00005F5106000EB44100069BA49C94301EA33
:10C20000C741084305F5106101EB4411086130791D
:10C2100001281CD105F5106000EB4410006920F0E6
:10C22000C04105F5106000EB4410016105F5106098
:10C2300000EB4410006900E099E04FF0C04101EAD2
:10C240004771084305F5106101EB4411086105F5DC
:10C25000106000EB441000693169C1F3120108431A
:10C2600005F5106101EB44110861B8F1010F36D1F9
:10C27000F06928B105F5106000EB4410F1694161E7
:10C28000307901281ED140F60800405900F4807032
:10C2900060B905F5106000EB4410006840F00051F3
:10C2A00005F5106000EB441001600BE005F510602F
:10C2B00000EB4410006840F0805105F5106000EB81
:10C2C0004410016005F5106000EB4410006840F078
:10C2D000044105F5106000EB44100160FEE005F537
:10C2E000106000EB4410006840F0044105F5106058
:10C2F00000EB44100160307901280FD0306900282C
:10C30000ECD040F634004059317801F00F020121A1
:10C310009140084340F634014851DFE040F6080000
:10C32000405900F4807060B905F5106000EB4410CE
:10C33000006840F0005105F5106000EB441001600A
:10C340000BE005F5106000EB4410006840F08051F0
:10C3500005F5106000EB44100160CDF80080308AD4
:10C3600083B232784846F16800F0DAFAB6E005F5B3
:10C37000306000EB44100069C10CC90405F5306061
:10C3800000EB4410016105F5306000EB44100069DA
:10C390005449084005F5306101EB4411086104BBC4
:10C3A000306908B1B0683061B068306205F530605E
:10C3B00000EB44100069316AC1F31201084305F52E
:10C3C000306101EB4411086105F5306000EB441069
:10C3D000006940F4002105F5306000EB4410016174
:10C3E00043E03069D0B905F5306000EB44100069D6
:10C3F000B168C1F31201084305F5306101EB441146
:10C40000086105F5306000EB4410006940F400213C
:10C4100005F5306000EB4410016126E0B168306939
:10C420000844401EB0FBF1F087B2B0687843306238
:10C4300005F5306000EB441000692A49C94301EA60
:10C44000C741084305F5306101EB4411086105F56A
:10C45000306000EB44100069316AC1F312010843F7
:10C4600005F5306101EB44110861B8F1010F07D106
:10C47000F06828B105F5306000EB4410F1684161C7
:10C48000307901281ED140F60800405900F4807030
:10C4900060B905F5306000EB4410006840F00051D1
:10C4A00005F5306000EB441001600BE005F53060ED
:10C4B00000EB4410006840F0805105F5306000EB5F
:10C4C0004410016005F5306000EB4410006840F056
:10C4D000044105F5306000EB441001600020BDE828
:10C4E000F8830000FFFF07E078B5034600240094BE
:10C4F00000201A464C78012C35D10C7802F51065D5
:10C5000005EB4414246804F00044B4F1004F60D1FA
:10C510000C7805EB4414246844F000660C7805EBB5
:10C52000441426600C7805EB4414246844F08046DB
:10C530000C7805EB4414266000BF009C641C00943A
:10C5400042F21075009CAC4201D901200AE00C783F
:10C5500002F5106505EB4414246804F00044B4F1BE
:10C56000004FEAD035E00C7802F5306505EB441455
:10C57000246804F00044B4F1004F2AD10C7805EB94
:10C580004414246844F000660C7805EB44142660DB
:10C590000C7805EB4414246844F080460C7805EBD5
:10C5A0004414266000BF009C641C009442F2107585
:10C5B000009CAC4201D901200AE00C7802F53065FC
:10C5C00005EB4414246804F00044B4F1004FEAD0B1
:10C5D00000BF78BD0146886840F0010088600020F7
:10C5E000704708B501460020009000BF0098401C2D
:10C5F00000900098B0F1706F01D9032008BD086960
:10C6000000F000400028F1D00020009010200861C8
:10C6100000BF0098401C00900098B0F1706F01D9E5
:10C620000320EBE7086900F010001028F1D000208B
:10C63000E4E708B502460020009000BF0098401CC7
:10C6400000900098B0F1706F01D9032008BD106907
:10C6500000F000400028F1D000200090202040EAA7
:10C660008110106100BF0098401C00900098B0F14C
:10C67000706F01D90320E9E7106900F0200020283D
:10C68000F1D00020E2E710B501460B4640F6080461
:10C69000E45804F006020AB9002006E0022A01D09C
:10C6A000062A01D1022000E00F2010BD0146486992
:10C6B00000F00100704701460B4640F61800C258D2
:10C6C000001DC058024090B2704701460B4640F62C
:10C6D0001800C258001DC0580240100C704770B5B9
:10C6E000024613464FF40166F45840F63406F558F6
:10C6F00001F00F0625FA06F606F0010644EAC61414
:10C7000003F5106606EB4116B66806EA040070BD34
:10C7100010B50246134603F5306404EB4114A068DB
:10C7200040F61404E458204010BD014648698A6967
:10C73000104070472DE9F04104460D462746284633
:10C740004FEA920C02F0030300210AE04FF48058F4
:10C7500058F80780C0F80080401C401C401C401C5A
:10C76000491C6145F2D39BB100214FF4805858F821
:10C77000076000BF4FEAC10826FA08F880F8008079
:10C78000491C401CA3F101081FFA88F3002BF1D1CA
:10C79000BDE8F08170B504460E460025E06820F043
:10C7A000C040E060012E10D1E06840F00050E06031
:10C7B00000BF0A20F6F76AFC0A352046FFF776FF2D
:10C7C000012815D0C82DF4D312E07EB9E06840F0FE
:10C7D0008040E06000BF0A20F6F758FC0A3520468A
:10C7E000FFF764FF20B1C82DF5D301E0012070BD33
:10C7F000C82D01D10120FAE70020F8E710B5024664
:10C800000B461146D1F8000820F4FE60C1F800087C
:10C81000D1F800084FF4FE6404EA03142043C1F881
:10C820000008002010BD02461346D3F80008084354
:10C83000C3F800080020704730B503461446022CA8
:10C8400049D12D48814204D32C48814201D20F2284
:10C8500045E02A48814204D32948814201D20E2270
:10C860003DE02748814204D32648814201D20D226F
:10C8700035E02448814204D32348814201D20C226E
:10C880002DE02148814204D32048814201D20B226D
:10C8900025E01E48814204D31D48814201D20A226C
:10C8A0001DE01B48814204D31A48814201D209226B
:10C8B00015E01848814204D31748814201D208226A
:10C8C0000DE01548814204D31448814201D2072269
:10C8D00005E0062203E00CB9092200E00922D8682D
:10C8E00020F47050D860D8684FF4705505EA82255E
:10C8F0002843D860002030BDC0ACD800C0E1E400BF
:10C900000024F40080730601A0491A01002D3101B2
:10C9100040A44C0100366E0120ABA6010048E8019E
:10C920002DE9F04304460D461E46DDF81CC0A04626
:10C930002946BCF1000F12D1F01C870800230CE03F
:10C94000D1F8009008F5805000EB0230C0F800905C
:10C95000491C491C491C491C5B1CBB42F0D30020EC
:10C96000BDE8F08300BFFEE7014671EE602AF0EEFD
:10C97000621AB0EE602AB4EEC10AF1EE10FA02DDDE
:10C98000B0EE410A06E0B4EEE00AF1EE10FA01D290
:10C99000B0EE600A30EE423A01208840401E02EEBE
:10C9A000900AF8EEE22A63EE222A82EEA13AFDEE28
:10C9B000C32A12EE900A704710B58CB004460020CE
:10C9C0000A900B904FF080400290002003900820C6
:10C9D0000490002005904FF48010069040000790CE
:10C9E00000200890099060884FF0407141EA0020D3
:10C9F0002178084301900AAA01A9A068F6F7AEFBC6
:10CA00000CB010BD10B52DED068B8CB00446B0EE09
:10CA1000408BB0EE419BB0EE42AA00200A900B90F2
:10CA200084ED078AC4ED088A84ED059AC4ED0A9A5C
:10CA300084ED0CAA94ED1A0AB5EEC00AF1EE10FAD4
:10CA400011D0206E02280ED16A229FED540A47F2BF
:10CA50000501204600F0D7F847F20501204600F016
:10CA6000A5F80020E0604FF0804002900020039085
:10CA7000082004900020059006904FF400100790C5
:10CA8000002008900990D4ED070AB0EE600A10204B
:10CA9000B3EE011AFBEE010AFFF766FF4FF080715B
:10CAA00041EA0020217808430190D4ED080AB0EE55
:10CAB000600A1020B2EE091AFAEE090AFFF754FFD5
:10CAC000000A8DF82800D4ED080AB0EE600A1020A4
:10CAD000B2EE091AFAEE090AFFF746FFC0B28DF866
:10CAE0002900D4ED050AB0EE600A10209FED2C1A43
:10CAF000DFED2C0AFFF738FF000A8DF82A00D4ED8D
:10CB0000050AB0EE600A10209FED251ADFED250A18
:10CB1000FFF72AFFC0B28DF82B00D4ED0A0AB0EE61
:10CB2000600A10209FED201ADFED1C0AFFF71CFFA2
:10CB3000000A8DF82C00D4ED0A0AB0EE600A10202D
:10CB40009FED191ADFED150AFFF70EFFC0B28DF841
:10CB50002D00D4ED0C0AB0EE600A1020B1EE041ADC
:10CB6000DFED0E0AFFF700FF000A8DF82E00D4ED6E
:10CB70000C0AB0EE600A1020B1EE041ADFED070ACD
:10CB8000FFF7F2FEC0B28DF82F000AAA01A9A06833
:10CB9000F6F7E4FA0CB0BDEC068B10BD0000000007
:10CBA00000003042000030C20000FA4330B58BB0C4
:10CBB00004460D46002009900A90E8B28DF8240042
:10CBC00028128DF825004FF080400190002002903F
:10CBD00008200390002004904FF48010059040003E
:10CBE000069000200790089060884FF0885141EA35
:10CBF000002021780843009009AA6946A068F6F74A
:10CC0000ADFA0BB030BD77B52DED020B8BB00446FD
:10CC10000D461646002009900A904FF08040019082
:10CC20000020029008200390002004904FF4801010
:10CC300005904000069000200790089060884FF013
:10CC4000905141EA0020217808430090E8B28DF825
:10CC5000240028128DF8250000208DF826008DF87C
:10CC60002700702E02D10B980A9017E06A2E15D17A
:10CC70009DED0B0ABDEEC00A84ED030A9DED0B0A83
:10CC8000BCEEC00A10EE100AC0B28DF828000020D9
:10CC90008DF829008DF82A008DF82B0009AA694625
:10CCA000A068F6F75BFA10B070BD000030B503461F
:10CCB0000C461546074903F1640000F00DF8A0F199
:10CCC00064031C709D601F2058800020D8601846A7
:10CCD00030BD000030F900080A8802804A880281CD
:10CCE0008A880282CA8802830A8902844A89028564
:10CCF0008A890286CA8902870A8AA0F840204A8A5D
:10CD0000A0F848208A8AA0F85020CA8AA0F85820A3
:10CD10000A8BA0F860204A8BA0F868208A8BA0F8C4
:10CD20007020704702480068C0F30220704700007E
:10CD30000CED00E010B5002804DB0A07130E054ACD
:10CD4000135406E00A07140E034A00F00F031B1FDA
:10CD5000D45410BD00E400E018ED00E0EFF30580CE
:10CD60007047000000B5034A01210348FFF79EFF0A
:10CD700000BD0000201D00249C6D002410B5F4F7B8
:10CD8000B3F8F4F70BF9F4F765F910BDC82000F01B
:10CD9000D1FA00F0F8FA044607E0072103A0F3F700
:10CDA000A3FD04F10A0000F0D4FAF6E748656C6CC4
:10CDB0006F210A0010B5122202490348FBF746FA18
:10CDC00010BD0000FC6A00244C1F002470B505460D
:10CDD0000C4694F83C00012806D002281ED00328F7
:10CDE00029D0042841D12FE0D4ED122AB0EE622AD6
:10CDF000D4ED152AF0EE621AD4ED142AB0EE621AC0
:10CE0000D4ED112AF0EE620AD4ED102AB0EE620AD7
:10CE100022882146284600F011FA26E094ED111AE6
:10CE2000F0EE410A94ED101AB0EE410A218828462E
:10CE300000F058FB19E0D4ED110AB0EE600A218829
:10CE4000284601F0C1FA10E0D4ED131AB0EE611AD1
:10CE5000D4ED111AF0EE610AD4ED101AB0EE610AA9
:10CE60002188284601F07EF800BF00BF70BD70B574
:10CE700005460C4694F83C00012806D002280AD04A
:10CE800003280FD004281BD113E021880022284654
:10CE900000F06BF814E021884FF48072284600F00F
:10CEA00064F80DE021884FF40072284600F05DF828
:10CEB00006E021884FF44072284600F056F800BF83
:10CEC00000BF70BD70B504460D46287800F00F0015
:10CED000606028780111A160A878697840EA012192
:10CEE000E160E8780001297940EA2111216168793F
:10CEF000297901F00F0140EA012161611021DFED84
:10CF0000160A9FED160AE06801F07CFA84ED080A23
:10CF10000C21F3EE0E0ABBEE0E0A206901F072FA44
:10CF200084ED090A0C21F2EE040ABAEE040A6069E3
:10CF300001F068FA84ED0A0AA87900EE100AB8EE4A
:10CF4000400A84ED0D0AE87900EE100AB8EE400AB6
:10CF500084ED0E0A70BD0000C3F54841C3F548C119
:10CF600080F83C204160018070472DE9FC41064675
:10CF70000C461546601987B2FF208DF800008DF829
:10CF800001008DF802008DF803008DF804008DF883
:10CF900005008DF80600FC208DF8070008236A467E
:10CFA0003946304600F0AFF8BDE8FC810EB56A4660
:10CFB00002A9054800F06CF8BDF8080018B96946E8
:10CFC0000248FFF77FFF0EBD201D00248C6C00245B
:10CFD0000EB56A4602A9144800F05AF8BDF80800D8
:10CFE00040F2012188421DD19DF801009DF80010FA
:10CFF00000EB01200D4908819DF803009DF8021007
:10D0000000EB012000B2094908829DF805009DF857
:10D01000041000EB012000B2044948829DF806008C
:10D02000000208750EBD0000C01D0024FC6B00242A
:10D030000EB56A4602A9144800F02AF8BDF80800A7
:10D0400040F2012188421DD19DF801009DF8001099
:10D0500000EB01200D4908819DF803009DF80210A6
:10D0600000EB012000B2094908829DF805009DF8F7
:10D07000041000EB012000B2044948829DF806002C
:10D08000000208750EBD0000601E0024FC6B002429
:10D09000F0B58BB007460D461646334601AA40212F
:10D0A0003846F6F715F960BB0198288004980828DF
:10D0B00002D80498C4B221E00498092801D80C24AD
:10D0C0001CE004980A2801D8102417E004980B28C3
:10D0D00001D8142412E004980C2801D818240DE07B
:10D0E00004980D2801D8202408E004980E2801D8BF
:10D0F000302403E004980F2800D8402420460BB0C9
:10D10000F0BD0020FBE7F0B589B006460D46174696
:10D110001C460095002001900290082C00D8039432
:10D120000C2C01D109200390102C01D10A2003906E
:10D13000142C01D10B200390182C01D10C2003904A
:10D14000202C01D10D200390302C01D10E20039012
:10D15000402C01D10F200390002004904FF4801048
:10D160000590002006900790089000BF3046F6F723
:10D17000A9F90028FAD03A4669463046F5F7EEFF9D
:10D1800010B1012009B0F0BD0020FBE7014671EEAF
:10D19000602AF0EE621AB0EE602A30EE423A0120C8
:10D1A0008840401E02EE900AF8EEE22A63EE222A40
:10D1B00082EEA13AFDEEC32A12EE900A70470000FB
:10D1C0004FF42F7000F0B6F800F0DDF804460A487E
:10D1D000FFF7F2FB0FE09FED092ADFED081A9FED44
:10D1E000071ADFED060AB6EE000A0348FFF70AFC4D
:10D1F000A01C00F0AEF8EEE79C6D002400000000DB
:10D20000F6F74CFFFBF7D0FDFBF7AAF9FBF786F822
:10D21000FBF7ECF9FBF740FAFBF7AAF8FBF776FA15
:10D22000FBF7E6F8FBF726F9F3F7D4FA00F0B8F8C5
:10D23000FBF760F900F0CAF800BFFEE72DE9F04FF8
:10D240002DED068B83B082461446B0EE40AAB0EEB8
:10D25000608AF0EE418AB0EE619AF0EE429A1FFACF
:10D2600084FB10209FED2F1ADFED2F0AB0EE4A0A43
:10D27000FFF78CFF85B20C20B3EE0E1AFBEE0E0A00
:10D28000B0EE480AFFF782FF86B20C20B2EE041A15
:10D29000FAEE040AB0EE690AFFF778FF1FFA80F988
:10D2A0000C209FED221ADFED220AB0EE680AFFF78C
:10D2B0006DFF87B20C20B1EE041ADFED1D0AB0EE4F
:10D2C000490AFFF763FF1FFA80F828128DF804005F
:10D2D000E8B28DF80500C6F307108DF80600300798
:10D2E000000E40EA27208DF80700F8B28DF80800FC
:10D2F000C8F307108DF809004FEA0870000E40EAE5
:10D3000029208DF80A0009F0FF008DF80B00082392
:10D3100001AA59465046FFF7F6FE03B0BDEC068B56
:10D32000BDE8F08FC3F54841C3F548C10000FA439A
:10D330000000000070B50546FFF710FD10B16FF05A
:10D34000050404E0002415B1284601F0FDF920464B
:10D3500070BDF8B50646FFF701FD10B16FF0050589
:10D360000FE0002501F0F8FF00900098341A34B166
:10D37000E00F20B92146684601F014FA01E06FF091
:10D3800003052846F8BD10B5FFF7E8FC18B101F019
:10D39000E9FF044602E001F0DFFF0446204610BD2D
:10D3A00010B5FFF7DBFC10B16FF0050409E006488B
:10D3B000006820B9012004490860002401E04FF012
:10D3C000FF34204610BD00007800002470B5FFF740
:10D3D000C5FC10B16FF005041FE01148006801287A
:10D3E00019D100BF801F0021002804DB0A07130E9B
:10D3F0000C4A135406E00A07150E0B4A00F00F03FF
:10D400001B1FD55400BF00BF02200549086001F072
:10D4100081FA002401E04FF0FF34204670BD000087
:10D420007800002400E400E018ED00E02DE9FF475B
:10D4300080468946144600200390FFF78FFC0028A1
:10D440004ED1B8F1000F4BD0802618258246471EDA
:10D4500044B3206808B1D4F800A0A06900B1A56960
:10D460002DB1382D03D8207900F0010018B100202B
:10D4700004B0BDE8F087606908B160698608A068FB
:10D4800040B1E0685C2805D3206918B1606908B133
:10D49000012708E0A06830B9E06820B9206910B918
:10D4A000002700E00027012F0CD12169A0684B461E
:10D4B0003246CDE9005102905146404601F0DEFE71
:10D4C00003900DE067B903A8B2B24B465146CDE9CF
:10D4D0000050404601F0A0FE012801D0002003903A
:10D4E0000398C5E72DE9F3412DED020B82B0074605
:10D4F0000E4606F580701FFA80F802AC03AD207866
:10D500008DF8000060788DF80100A0788DF8020099
:10D51000E0788DF8030028788DF8040068788DF89D
:10D520000500A8788DF80600E8788DF80700082334
:10D530006A4641463846FFF7E6FD06B0BDE8F08191
:10D540002DE9F04105460E46164807681648006862
:10D55000001D00F071FF681C38B936B1124801682F
:10D56000091D124800F0BEFF1AE07C190E48006841
:10D570004460BC4207D20C480168091D0C48006891
:10D5800000F096FF0CE008480168091D0948006892
:10D5900000F08EFF08480068844201D2064804600B
:10D5A000BDE8F0813C000024280000241827002456
:10D5B000300000242C0000245800002410B504463C
:10D5C00000F09CFF24480068401C23490860234861
:10D5D000006840B9214804600846006801280DD160
:10D5E00000F0FCF90AE01E48006838B91B480068E2
:10D5F000C06AE16A884201D8184804601948006886
:10D60000401C184908600846006860641649E06AD2
:10D610000968884202D91449E06A0860E16A01EBAE
:10D620008101124A02EB8100211D00F05BFF00F036
:10D630008FFF0B48006868B108480068C06AE16A5B
:10D64000884207D24FF0805009490860BFF34F8FDE
:10D65000BFF36F8F10BD00003800002428000024A5
:10D6600044000024540000244000002468220024C8
:10D6700004ED00E008B500F041FF12480068E8B989
:10D68000114800F005FF114800F002FF0E48104954
:10D6900008600E480F49086000200F4B0F4A102108
:10D6A00000900A2001F0B0FA0649086008460068B8
:10D6B00020B10BA10348006801F00AF800F048FF10
:10D6C00008BD00006C0000242C2700244027002403
:10D6D000640000246800002454270024A4270024A8
:10D6E000546D72510000000010B516E000F006FF06
:10D6F0000C48C068C468201D00F09EFE0A480068FF
:10D70000401E0949086009480068401E0749086032
:10D7100000F01EFF204600F05FF804480068002873
:10D72000E4D110BD04270024380000243400002474
:10D7300070B504460D46206C70B1216CE068014460
:10D74000E160D4E90210884201D32168E1602846F3
:10D75000226CE168F2F727FF70BD2DE9F041044625
:10D760000F4615464FF00008A66B206C48B920689C
:10D7700000282CD1A06801F0A1FE80460020A06006
:10D7800025E07DB93946226C6068F2F70CFF216C08
:10D79000606808446060D4E90101884217D32068BA
:10D7A000606014E03946226CE068F2F7FCFE216C00
:10D7B000E068411AE1602168E068884203D2216C88
:10D7C000A068411AE160022D01D106B1761E701CDD
:10D7D000A0634046BDE8F08110B5044694F85900B6
:10D7E00030B9206B00F0D2FE204600F0CFFE1AE0E8
:10D7F00094F85900012803D1204600F0C7FE12E03A
:10D8000094F85900022801D1012000E0002050B90D
:10D8100000BF502080F31188BFF34F8FBFF36F8F8D
:10D8200000BF00BFFEE710BD0146084A126812683B
:10D830000AB9012200E000220A600A6822B9034AFC
:10D840001268D268106800E000207047640000246D
:10D8500030B54FF47053174800F007042CB1C01DC9
:10D8600020F00700134C041B1B1B0246124C2260C5
:10D870000024114D6C60D018083820F007000F4CC0
:10D88000206000240D4D2D686C600C4D2D682C60BF
:10D890001146441A4C60094C24680C60084D4C68D1
:10D8A0002C60084D4C682C604FF00044064D2C60F5
:10D8B00030BD0000FC2E00247C00002484000024E5
:10D8C0008C000024880000249800002400BFFFF78B
:10D8D0000BFF064800680128F9D94FF08050044931
:10D8E0000860BFF34F8FBFF36F8FF0E7682200240B
:10D8F00004ED00E02DE9F04106460D461746984636
:10D90000069C0DB9246000E02760E66325640121D0
:10D91000204601F0E9F984F84C80BDE8F0812DE95A
:10D92000F05F82460E4690469B460A9F0C9C4FEA4B
:10D930008801A522206BF2F7ADFEA8F10100216B52
:10D9400001EB800929F0070909F0070008B9012057
:10D9500000E0002050B900BF502080F31188BFF3D1
:10D960004F8FBFF36F8F00BF00BFFEE786B100256A
:10D9700007E0715D04F134004155705D00B902E0CB
:10D980006D1C102DF5D300BF00214320015502E08E
:10D99000002084F83400382F00D33727E762E7648B
:10D9A00000202065201D00F080FD04F1180000F02B
:10D9B0007CFD2461C7F13800A061646200206065CD
:10D9C00084F858005A465146484600F0C1FB206092
:10D9D0000B9808B10B980460BDE8F09F10B50024C7
:10D9E00007E004EB84010F4A02EB810000F050FDD8
:10D9F000641C382CF5D30C4800F04AFD0B4800F0AD
:10DA000047FD0B4800F044FD0A4800F041FD0A487C
:10DA100000F03EFD044809490860044808490860D0
:10DA200010BD000068220024C8260024DC26002443
:10DA3000F026002404270024182700242C000024AA
:10DA40003000002410B50146164800E00068036865
:10DA50008B42FBD30246436813448B4204D1436894
:10DA60004C682344436001460A464B6813440468EB
:10DA7000A34211D10C4C03682468A34208D04B6820
:10DA80000468646823444B6003681B680B6005E00E
:10DA9000054B1B680B6001E003680B60884200D0F7
:10DAA000016010BD7C000024840000242DE9F041B9
:10DAB00004460D4616461F464FF000086560246177
:10DAC000B5420CD8F01BA169884202D34FF001087F
:10DAD00011E0211D0948006800F0EAFC0BE0BE429D
:10DAE00004D2BD4202D34FF0010804E0211D0448D6
:10DAF000006800F0DDFC4046BDE8F08168000024CD
:10DB00006400002470B5054600F0F8FCA86B08B965
:10DB1000012400E0002400F01BFD204670BD70B51C
:10DB2000054600F0EBFCA86BE96B884201D10124AB
:10DB300000E0002400F00CFD204670BDF8B505465D
:10DB40000F461A480068C068C468201D00F074FCC5
:10DB500094F8280000F00400E8B1A06941192B46B0
:10DB60003A462046FFF7A2FFD8B1002003462A46D6
:10DB700001460090204601F0FDFD064656B900BF63
:10DB8000502080F31188BFF34F8FBFF36F8F00BF1A
:10DB900000BFFEE705E094F8280020F0010084F8BB
:10DBA00028002046216A8847F8BD00006400002450
:10DBB000F0B587B0A0E00398002811DA04AE56B99A
:10DBC00000BF502080F31188BFF34F8FBFF36F8FDA
:10DBD00000BF00BFFEE7D6E90020B168904700BF54
:10DBE00003980028E6DB059C606908B9012000E085
:10DBF000002010B9201D00F01FFC02A800F0DEF884
:10DC0000054603980A2875D2DFE800F009050739B0
:10DC1000416306083A4200BF00BF00BF00BF94F84E
:10DC2000280040F0010084F828000498A2698118B7
:10DC300003462A462046FFF739FFF8B12046216AFD
:10DC4000884794F8280000F00400B8B10020009044
:10DC50000498A169421800231946204601F08AFD64
:10DC6000074657B900BF502080F31188BFF34F8F8C
:10DC7000BFF36F8F00BF00BFFEE700BF3BE000BFF8
:10DC800094F8280020F0010084F8280033E000BF59
:10DC900094F8280040F0010084F828000498A0615E
:10DCA000A06908B1012000E0002050B900BF502059
:10DCB00080F31188BFF34F8FBFF36F8F00BF00BF9A
:10DCC000FEE7A06941192B462A462046FFF7EEFEE3
:10DCD00011E094F8280000F0020018B9204600F086
:10DCE00055FC05E094F8280020F0010084F8280095
:10DCF00001E0FFE700BF00BF002203A9044800685D
:10DD000001F090F900287FF456AF07B0F0BD000095
:10DD10006C000024F8B505460C4600F057FE684636
:10DD200000F04CF80646009820BB44B9B54206D82E
:10DD300001F062FC31462846FFF700FF1CE03CB1D1
:10DD40000E480068006808B9012000E00020044681
:10DD5000A91B22460A48006800F0D0FC01F04CFCE8
:10DD600050B94FF0805007490860BFF34F8FBFF3A1
:10DD70006F8F01E001F040FCF8BD00006800002456
:10DD80006C00002404ED00E00A490968096809B93B
:10DD9000012100E0002121B14FF0FF31064A11605E
:10DDA00006E004490968C968C868034A4168116007
:10DDB000704700002C0000245800002470B5044671
:10DDC00001F0CAFA054607480068854204D200F00F
:10DDD0000BF80120206001E0002020600148056070
:10DDE000284670BD740000242DE9F84334E025482E
:10DDF0000068C068056823480068C068C468201DC2
:10DE000000F01AFB2046216A884794F8280000F0A9
:10DE1000040008B3A0694619AE4207D966602461C0
:10DE2000211D1848006800F043FB15E00020034660
:10DE30002A4601460090204601F09CFC074657B94F
:10DE400000BF502080F31188BFF34F8FBFF36F8F57
:10DE500000BF00BFFEE700BF0A480068006808B9BD
:10DE6000012000E000200028C1D00648D0F8008042
:10DE700005480068034908600348C0F80080BDE811
:10DE8000F883000064000024680000240E48006845
:10DE9000401C08B9012000E0002050B900BF50200C
:10DEA00080F31188BFF34F8FBFF36F8F00BF00BFA8
:10DEB000FEE700BF502080F31188BFF34F8FBFF300
:10DEC0006F8F00BF00BFFEE79C00002408B500BFB5
:10DED0006846FFF7A9FC044620460099FFF71AFFA1
:10DEE000FFF766FEF4E770B5044600F007FB94F90F
:10DEF000455010E0606A08B9012000E0002038B900
:10DF000004F1240001F02CFB18B100F0C1FC00E08A
:10DF100003E0681E45B2002DECDC00BFFF2084F852
:10DF2000450000F015FB00F0E9FA94F9445010E0C8
:10DF3000206908B9012000E0002048B904F1100070
:10DF400001F00EFB08B100F0A3FC681E45B200E032
:10DF500001E0002DECDC00BFFF2084F8440000F05D
:10DF6000F7FA70BD2DE9F3432DED040B2DED028B77
:10DF700085B080460D46B0EE608AF0EE418A9FED96
:10DF80001F0A28EE000ABCEEC00A10EE100A80B28A
:10DF900002909FED1B0A28EE800ABCEEC00A10EE2C
:10DFA000100A80B2019005F540701FFA80F907ACA5
:10DFB00002AE01AF20788DF80C0060788DF80D006E
:10DFC000A0788DF80E00E0788DF80F0030788DF88D
:10DFD000100070788DF8110038788DF8120078787C
:10DFE0008DF81300082303AA49464046FFF78BF833
:10DFF00005B0BDEC028B06B0BDE8F0830000C8425E
:10E0000000401C462DE9F04104464FF0000800F0A6
:10E01000DDFC4948006808B9FFF71AFC474800686A
:10E020002040002870D1D4B1083404F00700B0B10A
:10E0300004F00700C0F10800044404F0070008B928
:10E04000012000E0002050B900BF502080F311886B
:10E05000BFF34F8FBFF36F8F00BF00BFFEE7002CF1
:10E0600052D03748006884424ED8364E3046056854
:10E0700001E02E462D686868A04202D22868002878
:10E08000F7D12D48006885423ED0306800F108087D
:10E09000286830606868001B102819D92F1907F00C
:10E0A000070008B9012000E0002050B900BF50204F
:10E0B00080F31188BFF34F8FBFF36F8F00BF00BF96
:10E0C000FEE76868001B78606C603846FFF7BAFCB2
:10E0D0001B4968680968081A1949086008460068F9
:10E0E00019490968884203D2154800681649086032
:10E0F000124968680968084368600020286013486E
:10E100000068401C1149086001F076FA08F0070029
:10E1100008B9012000E0002050B900BF502080F372
:10E120001188BFF34F8FBFF36F8F00BF00BFFEE7B3
:10E130004046BDE8F08100008400002498000024DF
:10E14000880000247C0000248C000024900000241F
:10E15000001F4FF080730360001F21F00103036074
:10E16000001F054B036014380260001F6FF00203AC
:10E1700003602038704700008DDE000870B504464B
:10E180000D462878697840EA0120C0F30A00208013
:10E190002088A0F5806000B220806878C010A9783F
:10E1A00040EA4110C0F30A0060806088A0F58060FA
:10E1B00000B26080A8788011E97840EA810029796E
:10E1C00040EA8120C0F30A00A080A088A0F580600A
:10E1D00000B2A08028794010697940EAC110C0F3EC
:10E1E0000A00E080E088A0F5806000B2E080287C32
:10E1F000697C40EA0120C0F30A0020812089A0F553
:10E20000806000B22081687900118008A07268796E
:10E21000C0F30110E072A879E97940EA012000B268
:10E22000A081287A697A40EA012000B2E081A87AC8
:10E23000E97A40EA012000B22082287BA074687B42
:10E24000E074E87BC10923200155E87BC0F380110D
:10E2500022200155E87BC0F3401121200155E87BC5
:10E26000C0F3001120200155E87BC0F3C001E17725
:10E27000E87BC0F38001A177E87BC0F340016177C0
:10E28000E87B00F001012177A87BC109E176A87B3A
:10E29000C0F38011A176A87BC0F340116176A87B02
:10E2A000C0F300112176A87BC0F3C001E175A87B03
:10E2B000C0F38001A175A87BC0F340016175A87B04
:10E2C00000F001002075B4F90030002B01DB1E4680
:10E2D00000E05E42B6F5257F1DDCB4F90220002A7D
:10E2E00001DB164600E05642B6F5257F13DCB4F993
:10E2F0000410002901DB0E4600E04E42B6F5257FF2
:10E3000009DCB4F90600002801DB064600E04642BD
:10E31000B6F5257F03DD24212046F2F7C3F970BD51
:10E320004FF42F70FFF706F8FFF72DF804469FED26
:10E330001E2ADFED1D1A9FED1D1ADFED1B0AB7EE39
:10E34000000A0A231E2203211948FAF779FB9FEDE0
:10E35000162ADFED151A9FED171ADFED130A9FED50
:10E36000160A0123052203211448FAF769FB01224A
:10E3700011461348FEF7F4FD14E011491148FEF769
:10E3800076FDB7EE000A0E4880ED120AB6EE000ADE
:10E3900080ED110A01460B48FEF718FD04F10A0052
:10E3A000FEF7D7FFE9E70000000000000AD7233C92
:10E3B000F87800244260E53B0AD7A33D4C7900245D
:10E3C0008C6C0024201D0024F3B52DED020B81B0D0
:10E3D00006460D4605F5007087B201AC20788DF831
:10E3E000000060788DF80100A0788DF80200E078D8
:10E3F0008DF8030004236A4639463046FEF783FE53
:10E4000005B0F0BDB0EE401A30EEC10AF0EE401A91
:10E41000B0EE412A00EE100AB8EEC00A60EE212AE2
:10E4200001228A40521E00EE102AB8EEC03A82EE57
:10E43000830A30EE020A704701460A69D1E90130C9
:10E440009860D1E9010358605068884201D188681A
:10E450005060002008611068401E1060106870470E
:10E46000034B0360034B0B60802313607047000075
:10E4700044280024A0280024034B0360034B0B60B6
:10E480004FF4807313607047A02A0024FC2A0024F4
:10E4900000F1080141604FF0FF31816000F1080197
:10E4A000C160016100210160704700210161704776
:10E4B00010B502460B685C1C0CB9106907E002F14C
:10E4C000080000E04068446824689C42FAD9446827
:10E4D0004C604C68A160886041600A611468641CEB
:10E4E000146010BD42684A6093688B6093685960FD
:10E4F0009160086103685B1C0360704700BF502097
:10E5000080F31188BFF34F8FBFF36F8F00BF0E48AA
:10E510000068401C0C49086008460068012812D1B8
:10E520000A480068C0B208B9012000E0002050B9D4
:10E5300000BF502080F31188BFF34F8FBFF36F8F60
:10E5400000BF00BFFEE770479C00002404ED00E020
:10E550000D48006850B900BF502080F31188BFF308
:10E560004F8FBFF36F8F00BF00BFFEE70648006804
:10E57000401E054908600846006820B9002080F365
:10E58000118800BF00BF70479C00002470B506468C
:10E590003546002E44D0083D2C4622496068096863
:10E5A000084008B1012000E0002050B900BF502011
:10E5B00080F31188BFF34F8FBFF36F8F00BF00BF91
:10E5C000FEE7206808B9012000E0002050B900BF34
:10E5D000502080F31188BFF34F8FBFF36F8F00BFC0
:10E5E00000BFFEE70F49606809680840C0B12068B5
:10E5F000B0B90C49606809688843606000F0E6F9CA
:10E600000949606809680844074908602046FFF71F
:10E6100019FA06480068401C0449086000F0ECFF45
:10E6200070BD00009800002488000024940000249D
:10E6300000204FF0E02108618861064800684FF42F
:10E640007A71B0FBF1F0401E4FF0E02148610720E5
:10E65000086170472000002470B5F1F705FF0446FB
:10E66000102C16D304F1E02090F8F05315480078F0
:10E67000854201DB012000E0002050B900BF50209E
:10E6800080F31188BFF34F8FBFF36F8F00BF00BFC0
:10E69000FEE70D48006800F4E0600C490968884214
:10E6A00001D8012000E0002050B900BF502080F3C5
:10E6B0001188BFF34F8FBFF36F8F00BF00BFFEE71E
:10E6C00070BD0000A00000240CED00E0A4000024B8
:10E6D000024600200BE0084B53F8303033B9064BAC
:10E6E00043F8301003EBC0035A6002E0401C0828D6
:10E6F000F1D300BF70470000282200242DE9F0412B
:10E7000005460E4617462C46FFF7F8FE94F94400DE
:10E71000401C10B9002084F8440094F94500401CC6
:10E7200010B9002084F84500FFF712FFA06B28B94C
:10E730003A46314604F1240000F0CCF82046FFF7B9
:10E74000D2FBBDE8F081000070B504460025D4B1CD
:10E750001248006808B9012000E0002050B900BF4D
:10E76000502080F31188BFF34F8FBFF36F8F00BF2E
:10E7700000BFFEE700F02AF900212046FEF7E0FE88
:10E7800000F03AFF05463DB94FF08050044908605B
:10E79000BFF34F8FBFF36F8F70BD00006000002488
:10E7A00004ED00E02DE9F04704460F464FF0000964
:10E7B00054B900BF502080F31188BFF34F8FBFF3CF
:10E7C0006F8F00BF00BFFEE70FB1012000E0002007
:10E7D00050B900BF502080F31188BFF34F8FBFF3B3
:10E7E0006F8F00BF00BFFEE72048006808B9012016
:10E7F00000E0002050B900BF502080F31188BFF323
:10E800004F8FBFF36F8F00BF00BFFEE700F0DEF851
:10E81000174806682068C5192068B04207D92068E3
:10E82000A8420BD9B54209D94FF0010906E020688A
:10E83000A84201D8B54201D94FF001092560B9F1CC
:10E84000000F03D0A81B0021FEF77AFE00F0D4FED3
:10E850008046B8F1000F07D14FF08050054908609D
:10E86000BFF34F8FBFF36F8FBDE8F08760000024C8
:10E870003C00002404ED00E00349096801600349FD
:10E880000968416070470000500000243C000024EB
:10E8900001200149086070474C00002470B504460F
:10E8A0000D4654B900BF502080F31188BFF34F8F3D
:10E8B000BFF36F8F00BF00BFFEE705480168183146
:10E8C0002046FFF7F5FD01212846FEF739FE70BD11
:10E8D0002800002470B505460E46144655B900BF01
:10E8E000502080F31188BFF34F8FBFF36F8F00BFAD
:10E8F00000BFFEE70648016818312846FFF7F2FD21
:10E900000CB14FF0FF3621463046FEF719FE70BDC0
:10E910002800002410B586B000200590049003AABA
:10E9200004A905A8FFF79CFD0022DDE904101346A9
:10E93000CDE9002102901EA11F48039A00F09EFC21
:10E940001E4908600846006808B1012400E0002460
:10E95000012C02D100F0D2FE0446012C15D100BFDB
:10E96000502080F31188BFF34F8FBFF36F8F00BF2C
:10E970004FF0FF3012490860012012490860002062
:10E980001149086000F072F810E0601C08B1012025
:10E9900000E0002050B900BF502080F31188BFF381
:10E9A0004F8FBFF36F8F00BF00BFFEE706B010BDF3
:10E9B00049444C4500000000CDD800085C0000240C
:10E9C00058000024440000243C0000240248006851
:10E9D000401C014908607047600000241E48006820
:10E9E00018B101201D49086034E000201B4908606F
:10E9F0001B4801680CE051B900BF502080F311881A
:10EA0000BFF34F8FBFF36F8F00BF00BFFEE7491EFC
:10EA100001EB8100134A52F8200008B9012000E000
:10EA200000200028E7D101EB81020E4B03EB8200AE
:10EA300042685268426000F108024368934202D182
:10EA40004268526842604268D268074B1A600448C4
:10EA5000016000BF70470000600000244C000024EB
:10EA60004000002468220024280000241CB55248DD
:10EA700000685249884201D0012000E0002050B9CE
:10EA800000BF502080F31188BFF34F8FBFF36F8F0B
:10EA900000BF00BFFEE7484800684849491E884259
:10EAA00001D0012000E0002050B900BF502080F3C9
:10EAB0001188BFF34F8FBFF36F8F00BF00BFFEE71A
:10EAC0003F49084600780190FF200A46107008462A
:10EAD000007800909DF8000000F0F0009DF8002004
:10EAE000904201D1012000E0002050B900BF502029
:10EAF00080F31188BFF34F8FBFF36F8F00BF00BF4C
:10EB0000FEE79DF8000000F050002E4A107007202C
:10EB10002D4A106009E02C480068401E2A4A106007
:10EB20009DF800004006000E00909DF8000000F0E7
:10EB300080008028EFD024480068C0F10700042836
:10EB400001D1012000E0002050B900BF502080F327
:10EB50001188BFF34F8FBFF36F8F00BF00BFFEE779
:10EB6000194800680002184A10601046008800F436
:10EB7000E0601060124A019810700F482030006861
:10EB800040F470000C49203108600846006840F0ED
:10EB900070400860FFF74CFD00200C490860F1F759
:10EBA0002BFC0B48006840F0404009490860F1F731
:10EBB0000FFC00201CBD000000ED00E071C20F4101
:10EBC00000E400E0A0000024A40000249C00002435
:10EBD00034EF00E010B500BF502080F31188BFF380
:10EBE0004F8FBFF36F8F00BF00F0C6FB18B14FF01F
:10EBF00080500449086000BF002080F3118800BFE6
:10EC000010BD000004ED00E02DE9F84380460E46FB
:10EC100017461D46DDF82090B8F1000F01D0012005
:10EC200000E0002050B900BF502080F31188BFF3EE
:10EC30004F8FBFF36F8F00BF00BFFEE70DB1012004
:10EC400000E0002050B900BF502080F31188BFF3CE
:10EC50004F8FBFF36F8F00BF00BFFEE707B10EB14C
:10EC6000012000E0002050B900BF502080F311883F
:10EC7000BFF34F8FBFF36F8F00BF00BFFEE707B931
:10EC80000EB9012000E0002050B900BF502080F3F1
:10EC90001188BFF34F8FBFF36F8F00BF00BFFEE738
:10ECA000502000900098502801D1012000E0002061
:10ECB00050B900BF502080F31188BFF34F8FBFF3CE
:10ECC0006F8F00BF00BFFEE700BF2C464CB1012094
:10ECD00084F846004B463A46314640460094FEF7DB
:10ECE00009FE2046BDE8F88370B505460E462C4661
:10ECF00054B900BF502080F31188BFF34F8FBFF38A
:10ED00006F8F00BF00BFFEE7FFF7F8FBD4E90F12DB
:10ED1000206801FB0200A0600020A0632068606002
:10ED2000E06B401E226C216800FB0211E160FF20B5
:10ED300084F8440084F845009EB9206908B9012090
:10ED400000E00020A8B904F1100000F009FC80B137
:10ED50004FF0805009490860BFF34F8FBFF36F8FAA
:10ED600007E004F11000FFF793FB04F12400FFF724
:10ED70008FFBFFF7EDFB012070BD000004ED00E00C
:10ED80002DE9FF4383B0064688461D464FF0000933
:10ED9000344654B900BF502080F31188BFF34F8F21
:10EDA000BFF36F8F00BF00BFFEE7B8F1000F01D1C6
:10EDB000206C08B9012000E0002050B900BF5020AD
:10EDC00080F31188BFF34F8FBFF36F8F00BF00BF79
:10EDD000FEE7022D02D1E06B012801D1012000E005
:10EDE000002050B900BF502080F31188BFF34F8F2F
:10EDF000BFF36F8F00BF00BFFEE700F09DFA08B9B8
:10EE0000059808B9012000E0002050B900BF50204B
:10EE100080F31188BFF34F8FBFF36F8F00BF00BF28
:10EE2000FEE700BFFFF76AFBA06BE16B884201D3EE
:10EE3000022D28D12A4641462046FEF78EFC074681
:10EE4000606A08B9012000E0002068B904F12400DC
:10EE500000F086FB88B14FF0805032490860BFF364
:10EE60004F8FBFF36F8F08E03FB14FF080502D49B7
:10EE70000860BFF34F8FBFF36F8FFFF769FB01206F
:10EE800007B0BDE8F083059818B9FFF761FB0020D3
:10EE9000F6E7B9F1000F04D101A8FFF7EDFC4FF040
:10EEA0000109FFF755FBFFF791FDFFF727FB94F9E9
:10EEB0004400401C10B9002084F8440094F9450037
:10EEC000401C10B9002084F84500FFF741FB05A95C
:10EED00001A800F05BF9F0B92046FEF720FEA0B1D2
:10EEE00004F110000599FFF7D9FC2046FEF7FBFF5F
:10EEF00000F082FB002895D14FF08050094908604E
:10EF0000BFF34F8FBFF36F8F8CE72046FEF7EBFF09
:10EF100000F072FB86E72046FEF7E5FF00F06CFB91
:10EF20000020ADE704ED00E02DE9F84F07468A46E2
:10EF300090461E463C4654B900BF502080F31188CD
:10EF4000BFF34F8FBFF36F8F00BF00BFFEE7BAF173
:10EF5000000F01D1206C08B9012000E0002050B959
:10EF600000BF502080F31188BFF34F8FBFF36F8F26
:10EF700000BF00BFFEE7022E02D1E06B012801D1E5
:10EF8000012000E0002050B900BF502080F311881C
:10EF9000BFF34F8FBFF36F8F00BF00BFFEE7FFF7D8
:10EFA0005BFB00BF5021EFF3118081F31188BFF3A9
:10EFB0004F8FBFF36F8F00BF0546A06BE16B884298
:10EFC00001D3022E25D194F945B0A06B00903246B2
:10EFD00051462046FEF7C1FB0BF1010088B9606A7B
:10EFE00008B9012000E0002050B904F1240000F02D
:10EFF000B7FA28B1B8F1000F02D00120C8F800001C
:10F0000004E00BF1010040B284F845004FF0010923
:10F0100001E04FF0000900BF85F3118800BF4846AA
:10F02000BDE8F88F2DE9F74183B005460E464FF055
:10F0300000082C4654B900BF502080F31188BFF35C
:10F040004F8FBFF36F8F00BF00BFFEE70EB9206C7C
:10F0500008B9012000E0002050B900BF502080F323
:10F060001188BFF34F8FBFF36F8F00BF00BFFEE764
:10F0700000F062F908B9059808B9012000E0002005
:10F0800050B900BF502080F31188BFF34F8FBFF3FA
:10F090006F8F00BF00BFFEE700BFFFF72FFAA76B1F
:10F0A000F7B131462046FEF743FB781EA063206986
:10F0B00008B9012000E0002060B904F1100000F060
:10F0C0004FFA38B14FF080502F490860BFF34F8F8F
:10F0D000BFF36F8FFFF73CFA012006B0BDE8F08167
:10F0E000059818B9FFF734FA0020F6E7B8F1000FD9
:10F0F00004D101A8FFF7C0FB4FF00108FFF728FA81
:10F10000FFF764FCFFF7FAF994F94400401C10B9CA
:10F11000002084F8440094F94500401C10B90020F8
:10F1200084F84500FFF714FA05A901A800F02EF8AD
:10F13000F0B92046FEF7E6FCA0B104F124000599E1
:10F14000FFF7ACFB2046FEF7CEFE00F055FA002894
:10F15000A3D14FF080500C490860BFF34F8FBFF32D
:10F160006F8F9AE72046FEF7BEFE00F045FA94E75F
:10F170002046FEF7B8FE00F03FFA2046FEF7C2FC3C
:10F1800000288AD00020A8E704ED00E070B505460D
:10F190000C4655B900BF502080F31188BFF34F8F44
:10F1A000BFF36F8F00BF00BFFEE754B900BF502010
:10F1B00080F31188BFF34F8FBFF36F8F00BF00BF85
:10F1C000FEE7FFF79BF9124802686868131A206887
:10F1D000401C08B9002617E00E49286809688842D3
:10F1E00004D06868904201D801260DE0206898425A
:10F1F00007D92068C01A20602846FFF73DFB00268B
:10F2000002E0002020600126FFF7A2F9304670BD21
:10F210003C000024500000242DE9FF4F85B08046BB
:10F2200089461746DDE912ABB800FEF7EBFE06464D
:10F2300056B15C20FEF7E6FE04460CB1266304E0FE
:10F240003046FFF7A3F900E000248CB1002084F8D9
:10F250005900CDE900ABCDE902403A464946404667
:10F26000089BFEF75CFB2046FEF7A8F9012501E0AC
:10F270004FF0FF35284609B0BDE8F08F2DE9F04F7B
:10F2800085B00746884691469A46DDE90EB6109C41
:10F290000EB1012000E0002050B900BF502080F3E3
:10F2A0001188BFF34F8FBFF36F8F00BF00BFFEE722
:10F2B0000CB1012000E0002050B900BF502080F3C5
:10F2C0001188BFF34F8FBFF36F8F00BF00BFFEE702
:10F2D0005C20039003985C2801D1012000E000200D
:10F2E00050B900BF502080F31188BFF34F8FBFF398
:10F2F0006F8F00BF00BFFEE700BFB4B1AEB12546BF
:10F300002C462E63022085F85900002004A953469C
:10F310004A46CDE900B1CDE9025041463846FEF7F4
:10F32000FEFA2846FEF74AF901E00020049004980E
:10F3300005B0BDE8F08F00000549096809B9012052
:10F3400005E00449096809B9022000E0002070477F
:10F350004400002460000024014908687047000050
:10F360003C00002470B5FFF777F9002501480468D8
:10F37000204670BD3C0000242DE9F0414FF000080C
:10F380004348006800287BD142480068451C41483A
:10F39000056015BB40480068006808B9012000E01E
:10F3A000002050B900BF502080F31188BFF34F8F69
:10F3B000BFF36F8F00BF00BFFEE7374807683748CD
:10F3C0000068354908603548076035480068401CCA
:10F3D00033490860FEF7D8FC00BF32480068854218
:10F3E0003BD300BF2C480068006808B9012000E04A
:10F3F000002020B14FF0FF302A4908602CE0264859
:10F400000068C068C4686668B54202D225480660D4
:10F4100022E0201DFFF710F8A06A18B104F11800CF
:10F42000FFF70AF82049E06A0968884202D91E49B4
:10F43000E06A0860E16A01EB81011C4A02EB81008D
:10F44000211DFFF74FF81A49E06A0968C96A884226
:10F45000C8D34FF00108C5E700BF15480068C06A6F
:10F4600000EB8000114951F82000012801D94FF02C
:10F4700001081048006808B14FF0010805E0FFE7F7
:10F480000D480068401C0C4908604046BDE8F0810A
:10F49000600000243C0000242C00002430000024E4
:10F4A000500000245800002440000024682200245A
:10F4B000280000244C0000244800002470B50546B4
:10F4C0002C460026002D43D022480068844201D1FA
:10F4D000012000E0002050B900BF502080F31188C7
:10F4E000BFF34F8FBFF36F8F00BF00BFFEE7206DEC
:10F4F00050B900BF502080F31188BFF34F8FBFF386
:10F500006F8F00BF00BFFEE7206D401E2065E16CDD
:10F51000E06A88421CD0206DD0B9201DFEF78CFF18
:10F52000E06CE062E06AC0F13800A0610A49E06A7C
:10F530000968884202D90849E06A0860E16A01EB7B
:10F540008101064A02EB8100211DFEF7CBFF012657
:10F55000304670BD280000244000002468220024AA
:10F5600070B50646F068C46854B900BF502080F3F7
:10F570001188BFF34F8FBFF36F8F00BF00BFFEE74F
:10F5800004F11800FEF758FF15480068A0B9201DC7
:10F59000FEF752FF1349E06A0968884202D911490F
:10F5A000E06A0860E16A01EB81010F4A02EB810029
:10F5B000211DFEF797FF04E004F118010B48FEF748
:10F5C00091FF0B49E06A0968C96A884204D901259C
:10F5D00001200849086000E00025284670BD0000B1
:10F5E000600000244000002468220024F02600244B
:10F5F000280000244C00002470B500240026364862
:10F60000006850B900BF502080F31188BFF34F8FBE
:10F61000BFF36F8F00BF00BFFEE7FEF76FFF2E48FE
:10F620000068401E2C4908600846006800284ED13A
:10F630002A48006800284AD023E02948C068C468E6
:10F6400004F11800FEF7F8FE201DFEF7F5FE25492F
:10F65000E06A0968884202D92249E06A0860E16AE2
:10F6600001EB8101204A02EB8100211DFEF73AFFE8
:10F670001E49E06A0968C96A884202D301201C4910
:10F6800008601748006808B9012000E00020002841
:10F69000D3D00CB1FEF778FB1648056865B100BF02
:10F6A000FFF76AFE10B10120114908606D1E002DA0
:10F6B000F6D100200F4908600D48006838B10126D6
:10F6C00030070D490860BFF34F8FBFF36F8FFEF710
:10F6D0003FFF304670BD0000600000243800002469
:10F6E000F026002440000024682200242800002482
:10F6F0004C0000244800002404ED00E010B586B062
:10F700000024FDF7B7FF16480068D0B1002005902F
:10F71000049003AA04A905A8FEF7AEFE0222DDE9C3
:10F7200004100023CDE9002102900EA10F48039A96
:10F73000FFF7A4FD0E4908600846006800B10124E7
:10F7400000BF54B900BF502080F31188BFF34F8F22
:10F75000BFF36F8F00BF00BFFEE7204606B010BDAD
:10F760006C000024546D722053766300CDDE0008D7
:10F77000700000242DE9FF4704460D4616461F463B
:10F78000DDF830804FF0000954B900BF502080F3FD
:10F790001188BFF34F8FBFF36F8F00BF00BFFEE72D
:10F7A0001448006810B3009501960294062D15DAEE
:10F7B000FFF7C2FD022808D10023424669460D48E2
:10F7C0000068FFF7DDFA814610E000231A4669461B
:10F7D00008480068FFF7D4FA814607E000233A465C
:10F7E000694604480068FFF79FFB8146484604B01D
:10F7F000BDE8F0876C0000244FF04070E1EE100A85
:10F800007047000074F9000800000000B0030024F5
:10F810005C000000B001002400020000180000009D
:10F8200000000000000000005CF90008000000007B
:10F830000C0C00245C0000000C04002400080000F4
:10F8400020000000000000000000000050F9000847
:10F8500000000000681400245C000000680C002414
:10F860000008000020000000000000000000000070
:10F8700068F9000800000000C41C00245C000000BF
:10F88000C414002400080000200000000000000054
:10F89000000000000006101600061016000102030A
:10F8A00004050607080C1014182030400000000062
:10F8B0000000000000000000000000000000000048
:10F8C000010000000200000003000000040000002E
:10F8D0000000000005000000000000000000000023
:10F8E0000000000006000000000000000000000012
:10F8F00000000000070000000100020004000600F4
:10F9000008000A000C0010002000400080000001E8
:10F9100001010103070100000804020408010101BC
:10F9200000000000010203040102030406070809A5
:10F93000057006700A700B701070117014701670DC
:10F940001770187019701A701B701C701D700000F1
:10F9500047696D62616C5F5461736B0043686173EA
:10F9600069735F5461736B0053686F6F745F5461A8
:10F97000736B000064656661756C745461736B0031
:10F98000A4F9000800000024B001000008030008EA
:10F990006CFA0008B0010024709A000064030008AB
:10F9A000C5D3FFFF0118321042013C90D00304017F
:10F9B000731AAA018113CDAC140815AD1B082504D8
:10F9C0001A51041A91041A99141ADD0441131201F0
:10F9D000140202021640830440571D02010203BDB7
:10F9E00014050F0C1C01071017210E1D0403090438
:10F9F0001AC61375081B0871041A2D041A99041AE3
:10FA0000DD0441130A0629431A4053111B95A37CB8
:10FA100012A14C08DFA51C1365A2140885A01B08C1
:10FA20004914C11A09281AC51C1A51081AB5081C0C
:10FA3000090243971125C03209041B01020B13056B
:10FA400024161001052401180901042402020524CA
:10FA500006AC15058203081C100904CD320A2E07D6
:0CFA600005010240072A81072481018271
:04000005080002CD20
:00000001FF
